subID,B_prediction,B_prediction_z
2,0.4761904761904762,-0.2971846769058754
3,0.5952380952380952,1.171913282004524
4,0.5476190476190476,0.9465784873916332
5,0.37575757575757573,-1.7264223271081984
7,0.4047619047619048,-1.165714271617949
8,0.4523809523809524,-0.9365067899160664
10,0.5,-0.40953258144627314
13,0.5952380952380952,1.8648627158560498
14,0.5952380952380952,1.3215725505310594
15,0.42857142857142855,-0.9305858583152762
17,0.5238095238095238,0.4950109153015902
20,0.6666666666666666,1.9332150523489924
21,0.5238095238095238,0.526456512145981
23,0.4523809523809524,-0.6037517989054673
24,0.5476190476190476,0.8879786233147542
28,0.5714285714285715,0.8653485640929545
29,0.5476190476190476,0.638148873053585
30,0.3703703703703704,-1.6413807333192194
31,0.5,-0.009731846127763295
32,0.6428571428571429,1.848234593346497
33,0.4523809523809524,-0.5918425576677296
34,0.5,-0.057577740655849044
36,0.4761904761904762,-0.25607884609007847
37,0.5,0.01810755308393664
38,0.5238095238095238,0.3241241490480845
39,0.42857142857142855,-0.8598723505843461
40,0.4761904761904762,-0.27062119877643404
41,0.6428571428571429,1.6759174747317926
42,0.5952380952380952,1.131231083046705
43,0.4523809523809524,-0.8845281031327298
44,0.42857142857142855,-1.3835798171214617
45,0.5238095238095238,0.5486381830886826
46,0.5,-0.07495752963000901
47,0.5476190476190476,0.9552022689637248
48,0.45054945054945056,-0.6680678974011122
49,0.4761904761904762,-0.33274796022880315
50,0.6428571428571429,1.835461235963937
51,0.5018315018315018,-0.0022751172957285967
52,0.5,-0.03335615353856881
53,0.4761904761904762,-0.3878630808449685
54,0.4285714285714286,-0.8636844823496062
55,0.5238095238095238,0.5081602498158341
56,0.5714285714285714,0.8034629947672601
57,0.5,0.019958628723659527
58,0.4523809523809524,-1.0059176240309708
59,0.4047619047619047,-1.121273615692035
60,0.4761904761904762,-0.3849205741505736
61,0.5256410256410257,0.7060920078196579
62,0.5,0.03737255356915495
63,0.5238095238095238,0.28652280356200294
64,0.5238095238095238,0.4555283814258164
65,0.5238095238095238,0.2122337955852907
66,0.4761904761904762,-0.20933042547659658
68,0.3956043956043956,-1.2456950631385877
69,0.4047619047619048,-1.6471801178800483
71,0.4761904761904762,-0.27767244333590796
72,0.4761904761904762,-0.45232275019906604
73,0.5238095238095238,0.300092660467546
74,0.4761904761904762,-0.33397614435565215
75,0.5476190476190476,0.8577494054639462
76,0.4761904761904762,-0.3220973414980129
77,0.4761904761904762,-0.2713588961975323
78,0.5238095238095238,0.31446927308939226
79,0.5,0.014057301776212372
80,0.38095238095238093,-1.5761766514464706
81,0.5,0.05454321681449185
82,0.5714285714285715,1.3658874319367444
83,0.5476190476190477,0.5778649636152138
84,0.4523809523809524,-0.5529950465357804
85,0.5,0.010948832492719461
86,0.4285714285714286,-0.8209368407555122
87,0.5952380952380952,1.2159430849585107
88,0.5534188034188036,0.46657054136325615
89,0.4523809523809524,-1.0573824926627218
90,0.4761904761904762,-0.2917700408592947
91,0.42857142857142855,-1.4282582467532738
92,0.5970695970695971,1.0824993242342589
93,0.5238095238095238,0.7285663841478581
94,0.4523809523809524,-1.0106401290314049
95,0.4761904761904762,-0.35370622483572484
96,0.42857142857142855,-0.8858155025559951
98,0.5476190476190476,0.6007658522531133
100,0.38095238095238093,-4.483649991461612
101,0.5,-0.032964848426394217
103,0.5494505494505495,0.7277568685829745
104,0.5,-0.4153474664189628
105,0.5952380952380952,1.1642414302042852
106,0.39743589743589736,-1.2153517343883735
