subID,group,1,3,4,cort_react
1,Control,1.9865035460205667,2.0001277349601105,1.3912819026309295,-0.29079872722504674
2,Stress,1.5238800240724537,1.541159071680806,1.4562867329399256,-0.025157121762087842
3,Control,2.1400661634962708,1.7967470107390942,0.8712933659434193,-0.806045975155014
4,Stress,2.0425181875752383,3.411807560774171,2.9816333491744893,1.154202267399092
5,Control,0.924258901523332,0.6523251860396901,-0.2876820724517809,-0.7419373447293773
6,Stress,1.5325568680981427,0.924258901523332,1.0043016091968684,-0.5682766127380425
7,Control,0.5187937934151675,-0.030459207484708574,1.269760544863939,0.10085687527444775
8,Control,2.2202898502672155,2.063058062429312,1.4906543764441333,-0.4434336308304929
10,Stress,0.5423242908253617,1.085189268335969,0.9516578757114463,0.4760992811983459
13,Control,1.1878434223960523,0.85015092936961,0.62057648772511,-0.45247971384869234
14,Stress,2.1471001901536506,2.917770732084279,2.1736147116970854,0.3985925317370316
15,Control,1.7833912195575385,1.6770965609079151,1.4011829736136412,-0.24425145229676049
16,Stress,1.4929040961781488,1.3837912309017721,1.6014057407368363,-0.0003056103588445769
17,Control,1.2354714713853068,1.2412685890696329,1.1878434223960523,-0.02091546565246416
19,Stress,-0.12783337150988489,1.7263316639055997,2.1065702090680887,2.044284307996729
20,Control,1.0647107369924282,1.1019400787607845,0.5306282510621704,-0.24842657208095087
21,Stress,2.1471001901536506,2.8786365016777435,2.7485521444115397,0.6664941328909912
23,Stress,1.638996714675645,1.4492691602812788,1.7263316639055997,-0.051196302582205755
24,Stress,0.5653138090500603,2.761274962339508,3.051166980442092,2.3409071623407396
25,Control,0.4762341789963717,1.1052568313867783,1.2296405510745136,0.6912145122342741
26,Stress,1.3937663759585917,2.098017927252771,1.0188473201992472,0.16466624776741745
28,Stress,0.5247285289349821,1.42791603581071,1.5518087995974639,0.9651338887691048
29,Control,1.4838746894587547,1.425515074273172,1.4973884086254774,-0.02242294800943001
31,Control,1.1693813595563172,1.3737155789130304,1.095273387402595,0.06511312360149546
32,Stress,0.9707789171582248,1.6014057407368363,1.7850704810772584,0.7224591937488225
33,Stress,1.827769906751088,2.187174241482718,2.1447610078004784,0.33819771789051023
34,Control,1.0473189942805592,0.8671004876833832,0.17395330712343798,-0.5267920968771486
36,Control,1.1878434223960523,0.6830968447064438,0.19885085874516514,-0.7468695706702478
37,Stress,2.792391349535961,2.1482677326096886,2.265921108622454,-0.5852969289198895
39,Control,1.0612565021243408,1.3164082336557241,1.1216775615991057,0.15778639550307427
40,Stress,1.2556160374777745,1.3270750014599195,1.5686159179138452,0.19222942220910788
41,Control,1.827769906751088,2.2854389341590755,1.713797927758343,0.1718485242076213
42,Stress,0.5653138090500603,1.0715836162801902,0.712949807856125,0.3269529030180972
43,Stress,1.297463147413275,2.1644717908644115,1.6937790608678513,0.6316622784528565
44,Control,0.7608058290337603,1.425515074273172,1.5107219394949427,0.7073126778502972
45,Control,2.3841650799864684,1.80005827204275,1.208960345836975,-0.8796557710466058
46,Stress,0.9969486348916096,1.091923300517313,1.3001916620664788,0.19910884640028625
47,Stress,1.297463147413275,1.2149127443642704,1.2383742310432684,-0.07081965970950543
49,Control,2.052840859882657,2.0347056478384444,1.9373017745187133,-0.06683714870407798
50,Stress,1.6695918352538475,2.8909271591878647,2.2235418856535927,0.8876426871668812
51,Control,1.2237754316221157,1.1052568313867783,1.1314021114911006,-0.10544596018317609
52,Control,2.080690761080268,2.6823904543216326,1.8115620965242347,0.16628551434266559
53,Control,2.427454075039915,1.6014057407368363,1.1378330018213911,-1.0578347037608014
54,Stress,0.3987761199573678,1.7457155307266483,1.6752256529721035,1.311694471892008
55,Stress,1.3887912413184778,1.5912739418064292,1.463255402256019,0.13847343071274643
57,Control,1.410986973710262,2.2126603854660587,2.0347056478384444,0.7126960429419897
58,Stress,1.2149127443642704,2.412335956953165,1.827769906751088,0.905140187487856
59,Stress,0.7323678937132266,1.9629077254238843,1.7647307968401356,1.1314513674187832
60,Stress,1.297463147413275,2.340843805111136,1.5260563034950492,0.6359869068898176
61,Stress,1.73695123273306,2.312535423847214,1.9643112344262046,0.40147209640364934
62,Control,1.7209792871670078,1.5195132049061133,0.8837675401685949,-0.5193389146296536
63,Stress,1.2325602611778486,1.2499017362143359,1.205970806988609,-0.0046239895763759975
64,Control,2.0268315914075385,1.8794650496471605,1.5151272329628591,-0.3295354501025287
65,Stress,1.3812818192963463,2.3711778844596574,2.0781907597781832,0.843402502822574
68,Stress,0.5709795465857378,1.3402504226184837,2.0149030205422647,1.1065971749946364
69,Control,2.6803363625346943,2.0781907597781832,1.7950872593207297,-0.743697352985238
74,Control,0.8878912573524571,0.5653138090500603,0.47000362924573563,-0.37023253820455915
76,Control,1.0818051703517284,0.7747271675523681,0.5481214085096876,-0.4203808823207005
77,Stress,1.4838746894587547,1.9344157696295783,1.6974487897568138,0.33205759023444137
78,Stress,1.2612978709452054,1.3402504226184837,1.324418957401803,0.07103681906493797
80,Stress,1.1724821372345653,2.659559991941776,3.032064202801381,1.6733299601370135
81,Control,1.4929040961781488,1.545432582458188,1.297463147413275,-0.07145623124241718
82,Control,0.7608058290337603,0.6575200029167942,1.0818051703517284,0.10885675760050106
83,Control,1.638996714675645,1.4327007339340465,1.5303947050936475,-0.1574489951617979
84,Stress,1.3029127521808395,2.1222615388627637,1.4701758451005926,0.4933059398008388
85,Stress,0.6830968447064438,2.0095554142156695,1.3001916620664788,0.9717766934346304
86,Control,1.5623463049002497,1.1908875647772805,0.9555114450274365,-0.48914679999789135
87,Control,0.5306282510621704,1.378766094699099,1.2725655957915476,0.795037594183153
88,Stress,0.09531017980432495,0.9122827104766164,1.1410330045520618,0.931347677710014
89,Control,3.105035008444441,2.745345985845907,2.3174737054877963,-0.5736251627775895
92,Stress,1.8180767775454285,2.206074192613202,2.272125885509337,0.4210232615158409
94,Control,2.094330154173586,1.1969481893889715,0.8628899551470399,-1.0644110819055803
95,Control,1.358409157630355,0.7178397931503168,1.1085626195212779,-0.4452079512945577
96,Stress,0.9858167945227654,2.402430427963762,2.0373166153791646,1.2340567271486977
98,Stress,0.5653138090500603,2.761274962339508,2.224623551524334,1.9276354478818605
100,Control,1.1118575154181303,0.44468582126144574,0.131028262406404,-0.8240004735842055
101,Stress,1.506297153514587,3.1086144306106633,2.235376343300596,1.1656982334410426
103,Stress,1.6014057407368363,1.1786549963416462,1.355835153635182,-0.3341606657484222
104,Stress,1.5216989981260935,2.183801557004079,1.6620303625532709,0.40121696165258136
105,Stress,0.38526240079064494,2.075684492802124,2.018895041811802,1.662027366516318
106,Control,1.9110228900548727,1.3962446919730587,1.2383742310432684,-0.5937134285467092
