subid	group	block	blocktrial	trial	img	category	ABX	TR	onset	encoded	rt	recogIdx	recogAcc	recogConf
43	1	1	0	0	parks53.jpg	parks	X	5	7.60795	1	0.888056755065918	-1	-1	-1
43	1	1	1	1	forests44.jpg	forests	B	8	11.990864	1	0.580820560455322	-1	-1	-1
43	1	1	2	2	waterfalls5.jpg	waterfalls	X	10	14.940752	1	0.8049156665802	-1	-1	-1
43	1	1	3	3	mountains6.jpg	mountains	X	12	17.940723	1	0.68794846534729	-1	-1	-1
43	1	1	4	4	fields15.jpg	fields	X	14	20.940997	1	0.896020650863647	-1	-1	-1
43	1	1	5	5	forests15.jpg	forests	B	18	26.957362	1	0.694453001022339	-1	-1	-1
43	1	1	6	6	canyons53.jpg	canyons	X	21	31.440445	0	NaN	-1	-1	-1
43	1	1	7	7	deserts31.jpg	deserts	A	24	36.00711	1	1.08761191368103	-1	-1	-1
43	1	1	8	8	mountains25.jpg	mountains	X	27	40.440327	1	0.68932056427002	-1	-1	-1
43	1	1	9	9	lighthouses32.jpg	lighthouses	A	29	43.440328	1	0.834383487701416	-1	-1	-1
43	1	1	10	10	canyons9.jpg	canyons	X	32	47.940191	1	0.710442543029785	-1	-1	-1
43	1	1	11	11	bridges43.jpg	bridges	X	36	53.940053	1	0.93453574180603	-1	-1	-1
43	1	1	12	12	deserts27.jpg	deserts	A	39	58.439983	1	0.674601793289185	-1	-1	-1
43	1	1	13	13	forests5.jpg	forests	B	41	61.439951	1	0.669660568237305	-1	-1	-1
43	1	1	14	14	bridges52.jpg	bridges	X	44	65.939917	1	0.527717590332031	-1	-1	-1
43	1	1	15	15	lighthouses4.jpg	lighthouses	A	46	68.939855	1	0.678777694702148	-1	-1	-1
43	1	1	16	16	parks46.jpg	parks	X	49	73.439747	1	0.57587456703186	-1	-1	-1
43	1	1	17	17	deserts10.jpg	deserts	A	51	76.439674	1	0.757896661758423	-1	-1	-1
43	1	1	18	18	waterfalls3.jpg	waterfalls	X	54	80.939605	1	0.673009634017944	-1	-1	-1
43	1	1	19	19	forests40.jpg	forests	B	58	86.939512	1	1.01609754562378	-1	-1	-1
43	1	1	20	20	lakes8.jpg	lakes	A	60	89.956233	1	0.643478870391846	-1	-1	-1
43	1	1	21	21	fields32.jpg	fields	X	63	94.439372	1	1.26019191741943	-1	-1	-1
43	1	1	22	22	marshes14.jpg	marshes	B	66	98.956067	1	0.684613943099976	-1	-1	-1
43	1	1	23	23	fields7.jpg	fields	X	70	104.939206	1	0.925376415252686	-1	-1	-1
43	1	1	24	24	mountains42.jpg	mountains	X	73	109.439123	1	0.797448873519897	-1	-1	-1
43	1	1	25	25	canyons20.jpg	canyons	X	76	113.939068	1	0.807502508163452	-1	-1	-1
43	1	1	26	26	lakes29.jpg	lakes	A	78	116.938994	1	0.951573848724365	-1	-1	-1
43	1	1	27	27	canyons49.jpg	canyons	X	80	119.93897	1	0.927615642547607	-1	-1	-1
43	1	1	28	28	beaches19.jpg	beaches	B	84	125.93891	1	1.01976680755615	-1	-1	-1
43	1	1	29	29	marshes1.jpg	marshes	B	87	130.438766	1	0.775806427001953	-1	-1	-1
43	1	1	30	30	fields49.jpg	fields	X	89	133.438721	1	0.746851444244385	-1	-1	-1
43	1	1	31	31	lighthouses13.jpg	lighthouses	A	93	139.438606	1	0.595979928970337	-1	-1	-1
43	1	1	32	32	forests51.jpg	forests	B	95	142.438569	1	0.710031509399414	-1	-1	-1
43	1	1	33	33	beaches24.jpg	beaches	B	97	145.43854	1	0.783073663711548	-1	-1	-1
43	1	1	34	34	canyons27.jpg	canyons	X	99	148.438466	1	1.08812570571899	-1	-1	-1
43	1	1	35	35	mountains9.jpg	mountains	X	101	151.438417	1	0.780125617980957	-1	-1	-1
43	1	1	36	36	parks5.jpg	parks	X	105	157.438307	1	0.579267740249634	-1	-1	-1
43	1	1	37	37	lakes21.jpg	lakes	A	107	160.438262	1	0.746339559555054	-1	-1	-1
43	1	1	38	38	beaches20.jpg	beaches	B	109	163.438218	1	1.19935750961304	-1	-1	-1
43	1	1	39	39	lakes17.jpg	lakes	A	113	169.438111	1	0.761491537094116	-1	-1	-1
43	1	1	40	40	canyons10.jpg	canyons	X	116	173.938034	1	0.828551530838013	-1	-1	-1
43	1	1	41	41	forests42.jpg	forests	B	120	179.937951	1	0.87166166305542	-1	-1	-1
43	1	1	42	42	waterfalls53.jpg	waterfalls	X	123	184.437847	1	0.683738946914673	-1	-1	-1
43	1	1	43	43	lakes12.jpg	lakes	A	126	188.937817	1	0.695791482925415	-1	-1	-1
43	1	1	44	44	marshes15.jpg	marshes	B	130	194.937673	1	0.941876649856567	-1	-1	-1
43	1	1	45	45	bridges32.jpg	bridges	X	132	197.937658	1	0.977970600128174	-1	-1	-1
43	1	1	46	46	waterfalls31.jpg	waterfalls	X	135	202.437634	1	0.8739914894104	-1	-1	-1
43	1	1	47	47	parks25.jpg	parks	X	137	205.43752	1	0.710054636001587	-1	-1	-1
43	1	1	48	48	fields3.jpg	fields	X	139	208.437547	1	0.704056739807129	-1	-1	-1
43	1	1	49	49	waterfalls14.jpg	waterfalls	X	141	211.437539	1	0.714109182357788	-1	-1	-1
43	1	1	50	50	fields46.jpg	fields	X	144	215.937443	1	0.72224760055542	-1	-1	-1
43	1	1	51	51	marshes48.jpg	marshes	B	146	218.937337	1	0.739248037338257	-1	-1	-1
43	1	1	52	52	deserts4.jpg	deserts	A	150	224.937268	1	0.803426742553711	-1	-1	-1
43	1	1	53	53	beaches39.jpg	beaches	B	152	227.937105	1	0.836476564407349	-1	-1	-1
43	1	1	54	54	waterfalls33.jpg	waterfalls	X	154	230.937073	1	0.859542608261108	-1	-1	-1
43	1	1	55	55	lighthouses5.jpg	lighthouses	A	157	235.436982	1	0.758610725402832	-1	-1	-1
43	1	1	56	56	beaches33.jpg	beaches	B	161	241.436918	1	1.21369361877441	-1	-1	-1
43	1	1	57	57	lakes7.jpg	lakes	A	164	245.936856	1	0.792759656906128	-1	-1	-1
43	1	1	58	58	lighthouses8.jpg	lighthouses	A	167	250.436741	1	0.795755624771118	-1	-1	-1
43	1	1	59	59	beaches21.jpg	beaches	B	169	253.453487	1	0.773216724395752	-1	-1	-1
43	1	1	60	60	marshes42.jpg	marshes	B	172	257.936617	1	0.786921739578247	-1	-1	-1
43	1	1	61	61	mountains53.jpg	mountains	X	175	262.436531	1	0.824983596801758	-1	-1	-1
43	1	1	62	62	bridges27.jpg	bridges	X	179	268.436413	1	0.683113813400269	-1	-1	-1
43	1	1	63	63	parks10.jpg	parks	X	181	271.436464	1	0.605106592178345	-1	-1	-1
43	1	1	64	64	mountains2.jpg	mountains	X	184	275.936329	1	0.753258466720581	-1	-1	-1
43	1	1	65	65	parks55.jpg	parks	X	188	281.936244	1	0.658342599868774	-1	-1	-1
43	1	1	66	66	marshes54.jpg	marshes	B	190	284.936269	1	0.715358734130859	-1	-1	-1
43	1	1	67	67	deserts46.jpg	deserts	A	192	287.936086	1	0.809465646743774	-1	-1	-1
43	1	1	68	68	bridges44.jpg	bridges	X	196	293.936003	1	0.735516548156738	-1	-1	-1
43	1	1	69	69	lighthouses26.jpg	lighthouses	A	199	298.435936	1	0.709636449813843	-1	-1	-1
43	1	1	70	70	mountains48.jpg	mountains	X	203	304.452591	1	0.793027639389038	-1	-1	-1
43	1	1	71	71	waterfalls48.jpg	waterfalls	X	206	308.935957	1	0.73877215385437	-1	-1	-1
43	1	1	72	72	deserts56.jpg	deserts	A	209	313.435663	1	0.634873628616333	-1	-1	-1
43	1	1	73	73	parks11.jpg	parks	X	211	316.435606	1	0.758895635604858	-1	-1	-1
43	1	1	74	74	beaches38.jpg	beaches	B	213	319.435555	1	0.727940797805786	-1	-1	-1
43	1	1	75	75	bridges1.jpg	bridges	X	216	323.935478	1	0.710018634796143	-1	-1	-1
43	1	1	76	76	fields27.jpg	fields	X	220	329.935382	1	0.689148902893066	-1	-1	-1
43	1	1	77	77	marshes45.jpg	marshes	B	223	334.435426	1	1.01114153862	-1	-1	-1
43	1	1	78	78	bridges3.jpg	bridges	X	225	337.452163	1	0.602540493011475	-1	-1	-1
43	1	1	79	79	deserts54.jpg	deserts	A	227	340.435278	1	0.578245878219604	-1	-1	-1
43	1	1	80	80	canyons7.jpg	canyons	X	229	343.435157	1	0.73134970664978	-1	-1	-1
43	1	1	81	81	forests17.jpg	forests	B	233	349.451883	1	0.623773813247681	-1	-1	-1
43	1	1	82	82	lakes38.jpg	lakes	A	236	353.951747	1	0.684865951538086	-1	-1	-1
43	1	1	83	83	lighthouses49.jpg	lighthouses	A	239	358.451668	1	0.708900928497314	-1	-1	-1
43	1	2	0	84	lakes51.jpg	lakes	A	5	7.686309	1	0.650928497314453	309	1	4
43	1	2	1	85	beaches12.jpg	beaches	B	7	10.519491	1	0.740629196166992	366	1	3
43	1	2	2	86	parks4.jpg	parks	X	9	13.51968	1	1.15466070175171	354	1	2
43	1	2	3	87	waterfalls39.jpg	waterfalls	X	12	18.019485	1	0.679756879806519	97	1	4
43	1	2	4	88	lakes1.jpg	lakes	A	14	21.019557	1	0.953782558441162	498	0	1
43	1	2	5	89	beaches3.jpg	beaches	B	16	24.019318	1	1.0298285484314	169	1	2
43	1	2	6	90	mountains21.jpg	mountains	X	20	30.019082	1	0.722934722900391	270	1	1
43	1	2	7	91	lighthouses34.jpg	lighthouses	A	22	33.018866	1	0.747972726821899	182	1	3
43	1	2	8	92	forests43.jpg	forests	B	24	36.018857	1	0.976014375686646	47	1	4
43	1	2	9	93	canyons42.jpg	canyons	X	27	40.518788	1	0.598120450973511	420	1	4
43	1	2	10	94	lighthouses42.jpg	lighthouses	A	30	45.018858	1	0.604156732559204	203	0	3
43	1	2	11	95	forests12.jpg	forests	B	33	49.518667	1	0.617237567901611	409	1	2
43	1	2	12	96	deserts9.jpg	deserts	A	35	52.518575	1	0.783355474472046	397	1	3
43	1	2	13	97	marshes47.jpg	marshes	B	39	58.518445	1	0.546424388885498	7	1	4
43	1	2	14	98	parks34.jpg	parks	X	43	64.518414	1	0.538532495498657	256	1	4
43	1	2	15	99	deserts38.jpg	deserts	A	45	67.518284	1	1.11060166358948	316	0	4
43	1	2	16	100	marshes44.jpg	marshes	B	48	72.018209	1	0.662633419036865	181	0	2
43	1	2	17	101	fields50.jpg	fields	X	52	78.018219	1	0.670762538909912	417	1	4
43	1	2	18	102	bridges37.jpg	bridges	X	55	82.518123	1	0.70283055305481	122	1	3
43	1	2	19	103	canyons43.jpg	canyons	X	57	85.518029	1	0.860861539840698	105	1	4
43	1	2	20	104	waterfalls7.jpg	waterfalls	X	61	91.517878	1	0.735953807830811	382	1	3
43	1	2	21	105	bridges16.jpg	bridges	X	63	94.517826	1	0.653040647506714	345	0	4
43	1	2	22	106	deserts5.jpg	deserts	A	67	100.517714	1	0.709102630615234	82	1	4
43	1	2	23	107	marshes56.jpg	marshes	B	70	105.017651	1	0.591213703155518	236	1	3
43	1	2	24	108	bridges9.jpg	bridges	X	74	111.017628	1	0.710264682769775	56	1	3
43	1	2	25	109	mountains16.jpg	mountains	X	77	115.517478	1	0.754341602325439	443	1	4
43	1	2	26	110	waterfalls12.jpg	waterfalls	X	81	121.517368	1	0.722428560256958	115	1	3
43	1	2	27	111	deserts26.jpg	deserts	A	84	126.017283	1	0.652525901794434	90	1	4
43	1	2	28	112	marshes31.jpg	marshes	B	87	130.517295	1	0.688645601272583	287	1	3
43	1	2	29	113	bridges2.jpg	bridges	X	90	135.017141	1	0.79768443107605	472	1	1
43	1	2	30	114	deserts36.jpg	deserts	A	92	138.017084	1	0.764778614044189	88	0	2
43	1	2	31	115	marshes12.jpg	marshes	B	94	141.017025	1	0.693780899047852	12	0	1
43	1	2	32	116	parks42.jpg	parks	X	97	145.517061	1	0.809910774230957	326	0	4
43	1	2	33	117	fields52.jpg	fields	X	99	148.517033	1	1.2448947429657	372	1	4
43	1	2	34	118	deserts24.jpg	deserts	A	101	151.516979	1	0.791976928710938	416	1	2
43	1	2	35	119	marshes19.jpg	marshes	B	104	156.016807	1	0.673043489456177	451	0	3
43	1	2	36	120	lighthouses9.jpg	lighthouses	A	106	159.016744	1	0.768127679824829	240	0	3
43	1	2	37	121	forests33.jpg	forests	B	108	162.016707	1	0.579184532165527	352	0	3
43	1	2	38	122	parks24.jpg	parks	X	110	165.016659	1	0.942216634750366	457	1	2
43	1	2	39	123	lakes44.jpg	lakes	A	113	169.516556	1	0.89432954788208	441	1	4
43	1	2	40	124	beaches51.jpg	beaches	B	117	175.516444	1	0.824438810348511	238	1	4
43	1	2	41	125	mountains23.jpg	mountains	X	119	178.516401	1	0.68246054649353	119	1	2
43	1	2	42	126	parks35.jpg	parks	X	121	181.516421	1	1.10051560401917	118	1	4
43	1	2	43	127	fields30.jpg	fields	X	125	187.516244	1	0.712551593780518	250	1	1
43	1	2	44	128	mountains45.jpg	mountains	X	129	193.516133	1	0.798726797103882	499	1	3
43	1	2	45	129	lighthouses43.jpg	lighthouses	A	131	196.516097	1	0.762742757797241	454	1	4
43	1	2	46	130	forests8.jpg	forests	B	133	199.516028	1	0.694820642471313	202	1	4
43	1	2	47	131	waterfalls47.jpg	waterfalls	X	135	202.516002	1	0.786796569824219	6	1	3
43	1	2	48	132	canyons26.jpg	canyons	X	137	205.51599	1	0.752873420715332	41	1	3
43	1	2	49	133	lighthouses40.jpg	lighthouses	A	140	210.015866	1	0.729967594146729	218	1	3
43	1	2	50	134	forests11.jpg	forests	B	143	214.515783	1	0.737046718597412	130	1	2
43	1	2	51	135	bridges38.jpg	bridges	X	146	219.015833	1	0.660023212432861	314	0	4
43	1	2	52	136	lakes6.jpg	lakes	A	149	223.515711	1	0.854196548461914	74	0	2
43	1	2	53	137	beaches6.jpg	beaches	B	152	228.015575	1	0.88929557800293	313	1	4
43	1	2	54	138	mountains28.jpg	mountains	X	155	232.515517	1	0.753369331359863	168	1	4
43	1	2	55	139	deserts37.jpg	deserts	A	157	235.51552	1	0.758401870727539	154	1	1
43	1	2	56	140	marshes5.jpg	marshes	B	160	240.015363	1	1.02345561981201	125	0	4
43	1	2	57	141	fields9.jpg	fields	X	164	246.015246	1	0.610541582107544	303	1	4
43	1	2	58	142	bridges7.jpg	bridges	X	167	250.515295	1	0.62962007522583	100	1	4
43	1	2	59	143	canyons36.jpg	canyons	X	170	255.01525	1	0.898656845092773	155	1	2
43	1	2	60	144	bridges13.jpg	bridges	X	172	258.015134	1	0.740695953369141	150	1	3
43	1	2	61	145	waterfalls26.jpg	waterfalls	X	174	261.014986	1	0.942785739898682	216	1	3
43	1	2	62	146	lighthouses14.jpg	lighthouses	A	177	265.514977	1	0.927854537963867	204	0	1
43	1	2	63	147	forests35.jpg	forests	B	180	270.014836	1	0.611923933029175	411	1	4
43	1	2	64	148	mountains7.jpg	mountains	X	183	274.514834	1	0.865957021713257	281	1	3
43	1	2	65	149	waterfalls45.jpg	waterfalls	X	186	279.014764	1	1.11203551292419	53	0	2
43	1	2	66	150	lakes34.jpg	lakes	A	189	283.514731	1	0.542147397994995	442	1	4
43	1	2	67	151	beaches2.jpg	beaches	B	192	288.014538	1	0.717202663421631	445	1	1
43	1	2	68	152	fields29.jpg	fields	X	196	294.014426	1	0.702303886413574	335	1	3
43	1	2	69	153	lakes40.jpg	lakes	A	200	300.014336	1	0.781428575515747	392	0	4
43	1	2	70	154	beaches13.jpg	beaches	B	203	304.514247	1	0.648504734039307	252	1	4
43	1	2	71	155	canyons5.jpg	canyons	X	206	309.014183	1	0.691548585891724	107	1	2
43	1	2	72	156	mountains35.jpg	mountains	X	208	312.014179	1	0.591630697250366	286	1	3
43	1	2	73	157	canyons37.jpg	canyons	X	212	318.014074	1	0.68670654296875	328	1	3
43	1	2	74	158	fields23.jpg	fields	X	214	321.014041	1	0.758788585662842	224	1	4
43	1	2	75	159	canyons40.jpg	canyons	X	216	324.014002	1	0.710832357406616	142	1	3
43	1	2	76	160	parks38.jpg	parks	X	218	327.013991	1	0.625845670700073	81	1	3
43	1	2	77	161	lighthouses17.jpg	lighthouses	A	220	330.013908	1	0.771927833557129	13	1	4
43	1	2	78	162	forests50.jpg	forests	B	224	336.013776	1	0.793007135391235	290	1	4
43	1	2	79	163	parks31.jpg	parks	X	227	340.547136	1	0.833759784698486	410	0	3
43	1	2	80	164	waterfalls40.jpg	waterfalls	X	231	346.513533	1	0.820152759552002	5	1	3
43	1	2	81	165	fields11.jpg	fields	X	235	352.51353	1	0.853283643722534	44	0	3
43	1	2	82	166	lakes16.jpg	lakes	A	237	355.513396	1	0.792383670806885	14	0	NaN
43	1	2	83	167	beaches40.jpg	beaches	B	240	360.013299	1	0.717438697814941	188	1	4
43	1	3	0	168	deserts30.jpg	deserts	A	5	7.677356	1	0.656317710876465	173	1	4
43	1	3	1	169	marshes22.jpg	marshes	B	9	13.51023	1	0.669030666351318	333	1	3
43	1	3	2	170	fields33.jpg	fields	X	11	16.526955	1	0.673399686813354	239	1	4
43	1	3	3	171	bridges14.jpg	bridges	X	14	21.010195	1	0.719131946563721	84	0	4
43	1	3	4	172	fields5.jpg	fields	X	16	24.026875	1	0.745526313781738	478	0	3
43	1	3	5	173	waterfalls56.jpg	waterfalls	X	18	27.010114	1	0.606210470199585	369	0	3
43	1	3	6	174	deserts11.jpg	deserts	A	21	31.509961	1	0.842419385910034	299	0	3
43	1	3	7	175	marshes13.jpg	marshes	B	24	36.009843	1	0.634408712387085	198	1	3
43	1	3	8	176	waterfalls6.jpg	waterfalls	X	28	42.009878	1	0.529560089111328	307	1	3
43	1	3	9	177	mountains18.jpg	mountains	X	32	48.009646	1	0.609656572341919	72	1	4
43	1	3	10	178	waterfalls13.jpg	waterfalls	X	34	51.009612	1	0.521702527999878	481	1	3
43	1	3	11	179	bridges40.jpg	bridges	X	37	55.509547	1	0.788774728775024	93	1	2
43	1	3	12	180	lakes37.jpg	lakes	A	40	60.009493	1	0.704825639724731	391	1	2
43	1	3	13	181	beaches41.jpg	beaches	B	42	63.009385	1	0.88789176940918	406	1	4
43	1	3	14	182	canyons56.jpg	canyons	X	44	66.009335	1	0.731947660446167	57	0	3
43	1	3	15	183	lakes11.jpg	lakes	A	46	69.009294	1	0.829987764358521	147	0	4
43	1	3	16	184	beaches14.jpg	beaches	B	48	72.009321	1	0.814015865325928	94	1	4
43	1	3	17	185	bridges46.jpg	bridges	X	51	76.509152	1	0.656091690063477	305	1	2
43	1	3	18	186	mountains50.jpg	mountains	X	53	79.525877	1	0.657488584518433	408	1	3
43	1	3	19	187	bridges25.jpg	bridges	X	56	84.009035	1	0.692196607589722	259	0	4
43	1	3	20	188	deserts50.jpg	deserts	A	58	87.008984	1	0.76526665687561	20	1	4
43	1	3	21	189	marshes24.jpg	marshes	B	61	91.508908	1	0.717352628707886	66	1	3
43	1	3	22	190	bridges5.jpg	bridges	X	64	96.008812	1	0.629432678222656	165	0	4
43	1	3	23	191	parks27.jpg	parks	X	66	99.008794	1	0.833483695983887	260	1	2
43	1	3	24	192	canyons6.jpg	canyons	X	69	103.508734	1	0.822548627853394	405	0	1
43	1	3	25	193	waterfalls27.jpg	waterfalls	X	72	108.008939	1	0.739624977111816	271	1	3
43	1	3	26	194	lakes54.jpg	lakes	A	75	112.508591	1	1.26269865036011	322	0	2
43	1	3	27	195	beaches44.jpg	beaches	B	77	115.508538	1	0.701759338378906	329	1	2
43	1	3	28	196	mountains27.jpg	mountains	X	80	120.008427	1	0.506816387176514	439	1	3
43	1	3	29	197	bridges10.jpg	bridges	X	82	123.008372	1	0.867878675460815	339	0	3
43	1	3	30	198	canyons45.jpg	canyons	X	84	126.00832	1	0.714922428131104	187	0	4
43	1	3	31	199	lighthouses19.jpg	lighthouses	A	87	130.508246	1	0.704012393951416	184	1	4
43	1	3	32	200	forests36.jpg	forests	B	90	135.008165	1	1.04108262062073	207	0	3
43	1	3	33	201	lakes46.jpg	lakes	A	92	138.008102	1	0.835129737854004	121	1	2
43	1	3	34	202	beaches37.jpg	beaches	B	95	142.508038	1	0.716203689575195	315	1	4
43	1	3	35	203	lighthouses38.jpg	lighthouses	A	97	145.507985	1	0.732248783111572	319	1	4
43	1	3	36	204	forests37.jpg	forests	B	101	151.507887	1	0.660374641418457	356	0	3
43	1	3	37	205	bridges28.jpg	bridges	X	104	156.007918	1	0.737416744232178	190	1	3
43	1	3	38	206	lighthouses22.jpg	lighthouses	A	107	160.507736	1	0.71550440788269	399	1	4
43	1	3	39	207	forests16.jpg	forests	B	109	163.507703	1	0.843543529510498	211	0	4
43	1	3	40	208	lakes41.jpg	lakes	A	113	169.50768	1	0.638662576675415	191	0	3
43	1	3	41	209	beaches23.jpg	beaches	B	115	172.524297	1	0.593029975891113	440	1	4
43	1	3	42	210	lighthouses55.jpg	lighthouses	A	118	177.007565	1	0.560802936553955	336	1	3
43	1	3	43	211	forests31.jpg	forests	B	122	183.007374	1	0.749900579452515	375	0	3
43	1	3	44	212	mountains20.jpg	mountains	X	125	187.507308	1	0.588944673538208	344	0	4
43	1	3	45	213	canyons13.jpg	canyons	X	129	193.507175	1	0.567069530487061	206	1	1
43	1	3	46	214	parks1.jpg	parks	X	133	199.507073	1	0.884170532226562	86	1	3
43	1	3	47	215	fields1.jpg	fields	X	135	202.507066	1	0.742199420928955	17	1	4
43	1	3	48	216	mountains19.jpg	mountains	X	138	207.006945	1	0.789258480072021	111	1	4
43	1	3	49	217	parks8.jpg	parks	X	140	210.023708	1	0.727632522583008	418	0	3
43	1	3	50	218	canyons48.jpg	canyons	X	144	216.090497	1	0.766119956970215	76	0	4
43	1	3	51	219	lighthouses3.jpg	lighthouses	A	148	222.006772	1	0.753527641296387	300	1	4
43	1	3	52	220	forests23.jpg	forests	B	150	225.00673	1	0.743591785430908	161	0	4
43	1	3	53	221	waterfalls52.jpg	waterfalls	X	153	229.506559	1	0.814720630645752	196	1	1
43	1	3	54	222	canyons3.jpg	canyons	X	157	235.506483	1	0.613821506500244	430	1	3
43	1	3	55	223	parks13.jpg	parks	X	159	238.506396	1	1.21385884284973	174	1	4
43	1	3	56	224	lighthouses7.jpg	lighthouses	A	163	244.506326	1	0.699935436248779	183	1	4
43	1	3	57	225	forests3.jpg	forests	B	166	249.006234	1	0.735994577407837	92	0	3
43	1	3	58	226	fields19.jpg	fields	X	168	252.006199	1	0.967057466506958	497	0	3
43	1	3	59	227	deserts44.jpg	deserts	A	172	258.00613	1	0.641095399856567	51	1	2
43	1	3	60	228	marshes16.jpg	marshes	B	175	262.506042	1	0.671227216720581	368	1	4
43	1	3	61	229	parks19.jpg	parks	X	177	265.506023	1	0.670228958129883	269	1	3
43	1	3	62	230	mountains38.jpg	mountains	X	180	270.072603	1	0.725677490234375	331	1	3
43	1	3	63	231	waterfalls50.jpg	waterfalls	X	183	274.505917	1	0.579448223114014	80	1	4
43	1	3	64	232	fields12.jpg	fields	X	186	279.005794	1	0.816527843475342	474	1	3
43	1	3	65	233	waterfalls16.jpg	waterfalls	X	188	282.02246	1	0.905832767486572	214	0	3
43	1	3	66	234	deserts8.jpg	deserts	A	192	288.005683	1	0.639619112014771	139	1	4
43	1	3	67	235	marshes17.jpg	marshes	B	194	291.02229	1	0.672979593276978	126	0	1
43	1	3	68	236	parks45.jpg	parks	X	197	295.505485	1	0.866940498352051	273	0	4
43	1	3	69	237	lighthouses25.jpg	lighthouses	A	201	301.505418	1	0.647826671600342	212	1	4
43	1	3	70	238	forests22.jpg	forests	B	203	304.505359	1	0.778882503509521	427	0	1
43	1	3	71	239	parks52.jpg	parks	X	205	307.505308	1	0.705966711044312	396	0	4
43	1	3	72	240	canyons32.jpg	canyons	X	208	312.005166	1	0.682021617889404	160	1	2
43	1	3	73	241	fields13.jpg	fields	X	210	315.005113	1	0.623088598251343	491	1	4
43	1	3	74	242	lakes13.jpg	lakes	A	214	321.005014	1	0.843183517456055	140	0	3
43	1	3	75	243	beaches34.jpg	beaches	B	216	324.004959	1	0.778223514556885	227	1	4
43	1	3	76	244	mountains14.jpg	mountains	X	218	327.004907	1	0.784290552139282	50	0	2
43	1	3	77	245	deserts16.jpg	deserts	A	220	330.004855	1	1.1693274974823	151	0	4
43	1	3	78	246	marshes41.jpg	marshes	B	224	336.021536	1	0.681753635406494	496	1	3
43	1	3	79	247	lakes53.jpg	lakes	A	227	340.504717	1	0.695493698120117	502	0	3
43	1	3	80	248	beaches17.jpg	beaches	B	229	343.504648	1	0.75452446937561	199	0	4
43	1	3	81	249	fields2.jpg	fields	X	232	348.021367	1	0.782937288284302	320	1	4
43	1	3	82	250	deserts14.jpg	deserts	A	235	352.504589	1	0.842709302902222	58	0	3
43	1	3	83	251	marshes32.jpg	marshes	B	238	357.004377	1	0.859776735305786	192	1	4
43	1	4	0	252	canyons4.jpg	canyons	X	5	7.677189	1	1.09989929199219	419	1	4
43	1	4	1	253	waterfalls10.jpg	waterfalls	X	7	10.510766	1	0.539701700210571	62	1	3
43	1	4	2	254	parks15.jpg	parks	X	9	13.527115	1	0.43398118019104	241	1	4
43	1	4	3	255	mountains32.jpg	mountains	X	11	16.527151	1	0.577031850814819	71	0	1
43	1	4	4	256	lakes28.jpg	lakes	A	14	21.010266	1	0.563829660415649	381	0	3
43	1	4	5	257	beaches29.jpg	beaches	B	16	24.010204	1	0.745886564254761	42	0	4
43	1	4	6	258	deserts19.jpg	deserts	A	18	27.010154	1	0.663894414901733	87	1	3
43	1	4	7	259	marshes40.jpg	marshes	B	20	30.010102	1	0.714965581893921	180	1	1
43	1	4	8	260	bridges54.jpg	bridges	X	23	34.510033	1	0.649033546447754	114	1	1
43	1	4	9	261	waterfalls28.jpg	waterfalls	X	26	39.01	1	0.636099338531494	471	1	2
43	1	4	10	262	bridges53.jpg	bridges	X	29	43.509908	1	0.756184577941895	104	1	4
43	1	4	11	263	lakes31.jpg	lakes	A	32	48.026575	1	0.694618940353394	353	1	2
43	1	4	12	264	beaches55.jpg	beaches	B	34	51.026537	1	0.658661365509033	393	1	4
43	1	4	13	265	lighthouses54.jpg	lighthouses	A	37	55.509823	1	0.597407817840576	390	1	3
43	1	4	14	266	forests39.jpg	forests	B	41	61.526363	1	0.464746952056885	18	1	4
43	1	4	15	267	parks44.jpg	parks	X	44	66.026256	1	0.606883764266968	363	1	3
43	1	4	16	268	deserts29.jpg	deserts	A	46	69.026205	1	0.728925943374634	370	1	3
43	1	4	17	269	marshes2.jpg	marshes	B	48	72.026148	1	0.762986660003662	456	0	3
43	1	4	18	270	mountains10.jpg	mountains	X	51	76.526084	1	0.745070695877075	138	1	2
43	1	4	19	271	fields42.jpg	fields	X	53	79.526021	1	1.24109077453613	487	1	4
43	1	4	20	272	deserts34.jpg	deserts	A	57	85.525841	0	NaN	291	0	4
43	1	4	21	273	marshes46.jpg	marshes	B	61	91.525838	1	0.582299709320068	380	1	4
43	1	4	22	274	fields51.jpg	fields	X	64	96.025792	1	0.838350534439087	298	1	4
43	1	4	23	275	lakes56.jpg	lakes	A	67	100.5257	1	0.735499858856201	488	1	2
43	1	4	24	276	beaches52.jpg	beaches	B	71	106.525563	1	0.557573795318604	486	0	4
43	1	4	25	277	bridges21.jpg	bridges	X	74	111.025518	1	0.684644937515259	23	0	3
43	1	4	26	278	lakes23.jpg	lakes	A	76	114.025467	1	0.678686618804932	43	1	3
43	1	4	27	279	beaches28.jpg	beaches	B	79	118.525381	1	0.560760974884033	127	0	3
43	1	4	28	280	waterfalls36.jpg	waterfalls	X	81	121.525301	1	0.716887950897217	73	1	4
43	1	4	29	281	parks23.jpg	parks	X	84	126.025222	1	0.678853750228882	489	1	4
43	1	4	30	282	bridges19.jpg	bridges	X	87	130.525174	1	0.603931665420532	275	1	4
43	1	4	31	283	waterfalls9.jpg	waterfalls	X	91	136.525057	1	0.729030847549438	350	0	3
43	1	4	32	284	mountains4.jpg	mountains	X	93	139.525018	1	0.634073734283447	279	0	3
43	1	4	33	285	canyons29.jpg	canyons	X	97	145.524913	1	0.660179615020752	280	0	2
43	1	4	34	286	lakes27.jpg	lakes	A	101	151.524811	1	0.779311895370483	210	1	3
43	1	4	35	287	beaches1.jpg	beaches	B	104	156.04128	1	0.517688751220703	178	1	4
43	1	4	36	288	canyons52.jpg	canyons	X	107	160.524675	1	0.637467622756958	137	0	3
43	1	4	37	289	parks2.jpg	parks	X	110	165.024588	1	0.575488567352295	460	1	3
43	1	4	38	290	deserts28.jpg	deserts	A	112	168.024531	1	0.839515924453735	394	1	4
43	1	4	39	291	marshes33.jpg	marshes	B	114	171.024514	1	0.770586967468262	432	1	3
43	1	4	40	292	lighthouses35.jpg	lighthouses	A	117	175.524481	1	0.752662897109985	362	1	4
43	1	4	41	293	forests34.jpg	forests	B	120	180.024319	1	0.941731929779053	65	0	4
43	1	4	42	294	deserts49.jpg	deserts	A	124	186.024275	1	0.674861192703247	78	0	2
43	1	4	43	295	marshes28.jpg	marshes	B	128	192.024118	1	0.712951898574829	222	1	3
43	1	4	44	296	mountains30.jpg	mountains	X	131	196.524031	1	0.613057851791382	171	1	3
43	1	4	45	297	fields38.jpg	fields	X	134	201.02395	1	0.772101879119873	261	1	3
43	1	4	46	298	parks36.jpg	parks	X	138	207.023859	1	0.772204875946045	276	1	4
43	1	4	47	299	lighthouses30.jpg	lighthouses	A	141	211.523772	1	0.694288015365601	189	0	3
43	1	4	48	300	forests30.jpg	forests	B	143	214.523724	1	0.85232400894165	289	1	2
43	1	4	49	301	mountains41.jpg	mountains	X	145	217.523696	1	1.14940571784973	330	0	2
43	1	4	50	302	deserts43.jpg	deserts	A	147	220.523628	1	0.701486110687256	284	1	4
43	1	4	51	303	marshes35.jpg	marshes	B	151	226.52363	1	0.587563991546631	68	1	4
43	1	4	52	304	lighthouses10.jpg	lighthouses	A	153	229.5235	1	0.876577854156494	148	1	2
43	1	4	53	305	forests56.jpg	forests	B	156	234.02345	1	0.733731746673584	213	1	2
43	1	4	54	306	deserts21.jpg	deserts	A	158	237.023402	1	0.620730638504028	359	1	4
43	1	4	55	307	marshes37.jpg	marshes	B	162	243.023217	1	0.67680025100708	383	1	2
43	1	4	56	308	bridges34.jpg	bridges	X	165	247.523177	1	0.720870971679688	310	0	4
43	1	4	57	309	fields44.jpg	fields	X	167	250.523172	1	0.688959836959839	272	1	3
43	1	4	58	310	canyons50.jpg	canyons	X	170	255.023072	1	1.31600308418274	490	0	3
43	1	4	59	311	lakes42.jpg	lakes	A	172	258.023017	1	0.655066013336182	11	1	4
43	1	4	60	312	beaches43.jpg	beaches	B	176	264.022899	1	0.522149801254272	480	1	4
43	1	4	61	313	lighthouses1.jpg	lighthouses	A	179	268.522796	1	0.603238821029663	403	0	2
43	1	4	62	314	forests20.jpg	forests	B	182	273.02265	1	0.710314512252808	421	0	1
43	1	4	63	315	bridges8.jpg	bridges	X	185	277.522673	1	0.726402759552002	123	0	4
43	1	4	64	316	fields56.jpg	fields	X	188	282.022604	1	0.690475940704346	85	1	1
43	1	4	65	317	parks18.jpg	parks	X	192	288.022507	1	0.608636617660522	337	0	3
43	1	4	66	318	waterfalls49.jpg	waterfalls	X	194	291.022518	1	0.827650785446167	447	1	4
43	1	4	67	319	canyons19.jpg	canyons	X	198	297.022304	1	0.709763050079346	77	0	4
43	1	4	68	320	mountains11.jpg	mountains	X	200	300.022247	1	0.757790088653564	63	0	2
43	1	4	69	321	canyons18.jpg	canyons	X	204	306.022175	1	0.761916875839233	389	1	2
43	1	4	70	322	lighthouses16.jpg	lighthouses	A	206	309.022114	1	1.03799390792847	177	1	3
43	1	4	71	323	forests6.jpg	forests	B	210	315.021995	1	0.695083141326904	458	0	3
43	1	4	72	324	lakes18.jpg	lakes	A	212	318.022005	1	0.576056957244873	311	0	4
43	1	4	73	325	beaches36.jpg	beaches	B	216	324.021876	1	0.939192771911621	312	1	4
43	1	4	74	326	waterfalls20.jpg	waterfalls	X	218	327.021805	1	0.772201776504517	341	0	3
43	1	4	75	327	canyons28.jpg	canyons	X	221	331.521782	1	0.774386644363403	360	1	3
43	1	4	76	328	lighthouses41.jpg	lighthouses	A	223	334.521691	1	1.02235388755798	423	1	3
43	1	4	77	329	forests53.jpg	forests	B	225	337.521652	1	0.771450757980347	263	0	3
43	1	4	78	330	bridges26.jpg	bridges	X	227	340.521577	1	0.703459978103638	295	0	4
43	1	4	79	331	fields25.jpg	fields	X	229	343.52162	1	0.625496864318848	145	1	4
43	1	4	80	332	mountains46.jpg	mountains	X	232	348.021763	1	0.660598754882812	131	1	4
43	1	4	81	333	parks37.jpg	parks	X	234	351.021815	1	0.737626791000366	384	1	4
43	1	4	82	334	fields40.jpg	fields	X	237	355.521878	1	0.693707227706909	473	1	4
43	1	4	83	335	waterfalls34.jpg	waterfalls	X	240	360.021998	1	0.782829999923706	340	1	2
43	1	5	0	336	beaches27.jpg	beaches	B	5	7.69109	1	0.667742729187012	-1	-1	-1
43	1	5	1	337	lighthouses39.jpg	lighthouses	A	7	10.524533	1	0.664468050003052	-1	-1	-1
43	1	5	2	338	forests41.jpg	forests	B	11	16.524515	1	0.593548536300659	-1	-1	-1
43	1	5	3	339	mountains34.jpg	mountains	X	14	21.024437	1	0.480655908584595	-1	-1	-1
43	1	5	4	340	canyons14.jpg	canyons	X	16	24.024384	1	0.71070408821106	-1	-1	-1
43	1	5	5	341	deserts47.jpg	deserts	A	18	27.024384	1	0.630718946456909	-1	-1	-1
43	1	5	6	342	waterfalls21.jpg	waterfalls	X	22	33.02434	0	NaN	-1	-1	-1
43	1	5	7	343	beaches10.jpg	beaches	B	24	36.024291	1	0.862846374511719	-1	-1	-1
43	1	5	8	344	deserts20.jpg	deserts	A	27	40.524283	1	1.07991862297058	-1	-1	-1
43	1	5	9	345	forests25.jpg	forests	B	31	46.524247	1	0.589017629623413	-1	-1	-1
43	1	5	10	346	bridges51.jpg	bridges	X	33	49.524229	1	0.675044775009155	-1	-1	-1
43	1	5	11	347	parks51.jpg	parks	X	35	52.524285	1	0.737052202224731	-1	-1	-1
43	1	5	12	348	fields48.jpg	fields	X	38	57.024249	1	0.722158432006836	-1	-1	-1
43	1	5	13	349	marshes8.jpg	marshes	B	41	61.524181	1	0.790179491043091	-1	-1	-1
43	1	5	14	350	forests48.jpg	forests	B	43	64.524304	1	0.690274953842163	-1	-1	-1
43	1	5	15	351	bridges56.jpg	bridges	X	46	69.024135	1	0.687355279922485	-1	-1	-1
43	1	5	16	352	parks26.jpg	parks	X	49	73.52406	1	0.69649076461792	-1	-1	-1
43	1	5	17	353	waterfalls25.jpg	waterfalls	X	52	78.024054	1	0.679596900939941	-1	-1	-1
43	1	5	18	354	lakes20.jpg	lakes	A	54	81.023965	1	0.773641109466553	-1	-1	-1
43	1	5	19	355	fields35.jpg	fields	X	57	85.523948	1	0.593714237213135	-1	-1	-1
43	1	5	20	356	marshes30.jpg	marshes	B	60	90.023927	1	0.644790887832642	-1	-1	-1
43	1	5	21	357	bridges41.jpg	bridges	X	63	94.52388	1	0.867799043655396	-1	-1	-1
43	1	5	22	358	mountains5.jpg	mountains	X	66	99.023855	1	0.764896869659424	-1	-1	-1
43	1	5	23	359	parks6.jpg	parks	X	70	105.02381	1	0.664016962051392	-1	-1	-1
43	1	5	24	360	forests55.jpg	forests	B	72	108.023769	1	0.703035116195679	-1	-1	-1
43	1	5	25	361	bridges23.jpg	bridges	X	74	111.023876	1	0.770053863525391	-1	-1	-1
43	1	5	26	362	parks50.jpg	parks	X	76	114.023739	1	0.688163042068481	-1	-1	-1
43	1	5	27	363	marshes10.jpg	marshes	B	79	118.523709	1	0.723224878311157	-1	-1	-1
43	1	5	28	364	parks49.jpg	parks	X	83	124.523668	1	0.776304006576538	-1	-1	-1
43	1	5	29	365	bridges29.jpg	bridges	X	87	130.523613	1	0.700433969497681	-1	-1	-1
43	1	5	30	366	lighthouses47.jpg	lighthouses	A	91	136.523577	1	0.681533098220825	-1	-1	-1
43	1	5	31	367	bridges36.jpg	bridges	X	94	141.023583	1	0.698608636856079	-1	-1	-1
43	1	5	32	368	marshes38.jpg	marshes	B	96	144.023539	1	0.782662630081177	-1	-1	-1
43	1	5	33	369	fields22.jpg	fields	X	99	148.52352	1	0.693740844726562	-1	-1	-1
43	1	5	34	370	canyons12.jpg	canyons	X	102	153.02349	1	0.793786764144897	-1	-1	-1
43	1	5	35	371	marshes52.jpg	marshes	B	105	157.523495	1	0.946863889694214	-1	-1	-1
43	1	5	36	372	waterfalls18.jpg	waterfalls	X	108	162.023361	1	0.718928813934326	-1	-1	-1
43	1	5	37	373	parks48.jpg	parks	X	110	165.023336	1	1.02703881263733	-1	-1	-1
43	1	5	38	374	lakes55.jpg	lakes	A	112	168.023326	1	1.24003791809082	-1	-1	-1
43	1	5	39	375	deserts42.jpg	deserts	A	116	174.023289	1	0.679128885269165	-1	-1	-1
43	1	5	40	376	canyons38.jpg	canyons	X	119	178.523219	1	0.667185068130493	-1	-1	-1
43	1	5	41	377	beaches47.jpg	beaches	B	121	181.523214	1	0.702219724655151	-1	-1	-1
43	1	5	42	378	waterfalls54.jpg	waterfalls	X	123	184.523226	1	0.813276767730713	-1	-1	-1
43	1	5	43	379	mountains3.jpg	mountains	X	126	189.023138	1	0.865431785583496	-1	-1	-1
43	1	5	44	380	beaches7.jpg	beaches	B	129	193.523101	1	1.17847275733948	-1	-1	-1
43	1	5	45	381	forests7.jpg	forests	B	131	196.523091	1	0.72752857208252	-1	-1	-1
43	1	5	46	382	beaches4.jpg	beaches	B	133	199.523084	1	0.740510702133179	-1	-1	-1
43	1	5	47	383	canyons24.jpg	canyons	X	135	202.523042	1	0.692580699920654	-1	-1	-1
43	1	5	48	384	deserts12.jpg	deserts	A	139	208.52296	1	0.645702123641968	-1	-1	-1
43	1	5	49	385	forests13.jpg	forests	B	141	211.522959	0	NaN	-1	-1	-1
43	1	5	50	386	lakes48.jpg	lakes	A	143	214.522967	1	0.681836843490601	-1	-1	-1
43	1	5	51	387	marshes39.jpg	marshes	B	146	219.022891	1	0.689894914627075	-1	-1	-1
43	1	5	52	388	beaches50.jpg	beaches	B	150	225.022877	1	0.724995851516724	-1	-1	-1
43	1	5	53	389	deserts2.jpg	deserts	A	152	228.022842	1	0.675039768218994	-1	-1	-1
43	1	5	54	390	canyons16.jpg	canyons	X	154	231.022818	1	0.671117067337036	-1	-1	-1
43	1	5	55	391	fields45.jpg	fields	X	158	237.022761	1	0.588251829147339	-1	-1	-1
43	1	5	56	392	forests46.jpg	forests	B	161	241.522706	1	0.823331832885742	-1	-1	-1
43	1	5	57	393	marshes4.jpg	marshes	B	164	246.022678	1	0.773395776748657	-1	-1	-1
43	1	5	58	394	lighthouses50.jpg	lighthouses	A	166	249.022657	1	1.0163836479187	-1	-1	-1
43	1	5	59	395	canyons55.jpg	canyons	X	169	253.522607	1	0.647508859634399	-1	-1	-1
43	1	5	60	396	mountains36.jpg	mountains	X	173	259.522542	1	0.767606019973755	-1	-1	-1
43	1	5	61	397	waterfalls30.jpg	waterfalls	X	175	262.522521	1	1.01976895332336	-1	-1	-1
43	1	5	62	398	lakes35.jpg	lakes	A	177	265.522518	1	0.734703302383423	-1	-1	-1
43	1	5	63	399	bridges24.jpg	bridges	X	179	268.522486	1	0.705789566040039	-1	-1	-1
43	1	5	64	400	lakes14.jpg	lakes	A	182	273.022465	1	0.739822864532471	-1	-1	-1
43	1	5	65	401	waterfalls29.jpg	waterfalls	X	186	279.022439	1	0.690892457962036	-1	-1	-1
43	1	5	66	402	canyons35.jpg	canyons	X	188	282.022502	1	0.736937284469604	-1	-1	-1
43	1	5	67	403	deserts3.jpg	deserts	A	190	285.022381	1	0.750021457672119	-1	-1	-1
43	1	5	68	404	lakes30.jpg	lakes	A	194	291.022386	1	0.755055904388428	-1	-1	-1
43	1	5	69	405	lighthouses33.jpg	lighthouses	A	196	294.022348	1	0.669139862060547	-1	-1	-1
43	1	5	70	406	fields20.jpg	fields	X	199	298.522282	1	0.918183088302612	-1	-1	-1
43	1	5	71	407	parks9.jpg	parks	X	202	303.022349	1	0.818319797515869	-1	-1	-1
43	1	5	72	408	fields10.jpg	fields	X	206	309.022279	1	0.585383415222168	-1	-1	-1
43	1	5	73	409	beaches31.jpg	beaches	B	208	312.022245	1	0.583433866500854	-1	-1	-1
43	1	5	74	410	mountains51.jpg	mountains	X	211	316.522137	1	0.764499425888062	-1	-1	-1
43	1	5	75	411	lighthouses12.jpg	lighthouses	A	214	321.022169	1	0.714548587799072	-1	-1	-1
43	1	5	76	412	waterfalls44.jpg	waterfalls	X	217	325.522177	1	0.712662696838379	-1	-1	-1
43	1	5	77	413	fields37.jpg	fields	X	220	330.021929	1	0.623758792877197	-1	-1	-1
43	1	5	78	414	mountains43.jpg	mountains	X	223	334.521906	1	1.32483577728271	-1	-1	-1
43	1	5	79	415	lighthouses2.jpg	lighthouses	A	227	340.522067	1	0.907936334609985	-1	-1	-1
43	1	5	80	416	lakes32.jpg	lakes	A	229	343.521795	1	0.760951995849609	-1	-1	-1
43	1	5	81	417	deserts18.jpg	deserts	A	233	349.521755	1	0.738022804260254	-1	-1	-1
43	1	5	82	418	lighthouses24.jpg	lighthouses	A	237	355.52169	1	0.822173833847046	-1	-1	-1
43	1	5	83	419	mountains44.jpg	mountains	X	239	358.52165	1	0.840219020843506	-1	-1	-1
