subID,Aprime_A,Aprime_B,Aprime_X,HR_A,HR_B,HR_X,FA_A,FA_B,FA_X
1,0.6370120120120121,0.614516129032258,0.6997947454844007,0.5873015873015873,0.6349206349206349,0.6904761904761905,0.42857142857142855,0.5079365079365079,0.4444444444444444
2,0.5763888888888888,0.5187134502923977,0.5605649717514124,0.19047619047619047,0.30158730158730157,0.46825396825396826,0.14285714285714285,0.2857142857142857,0.40476190476190477
3,0.6799999999999999,0.6488469601677149,0.5316764132553606,0.3968253968253968,0.2857142857142857,0.42857142857142855,0.20634920634920634,0.15873015873015872,0.3968253968253968
4,0.7033462033462033,0.5705329243635695,0.69,0.5873015873015873,0.4444444444444444,0.4126984126984127,0.3333333333333333,0.3709677419354839,0.20634920634920634
5,0.562037037037037,0.6837797619047619,0.6819409282700422,0.42857142857142855,0.4444444444444444,0.5952380952380952,0.36507936507936506,0.23809523809523808,0.373015873015873
6,0.6559386973180077,0.7065359477124182,0.753142561372375,0.4603174603174603,0.5396825396825397,0.5476190476190477,0.2857142857142857,0.2857142857142857,0.2222222222222222
7,0.7360061443932411,0.7418414918414918,0.6232758620689656,0.8064516129032258,0.6984126984126984,0.6746031746031746,0.5238095238095238,0.38095238095238093,0.5396825396825397
8,0.5156402737047899,0.47459729314568017,0.6533823252308272,0.5238095238095238,0.5714285714285714,0.6904761904761905,0.5079365079365079,0.5967741935483871,0.5158730158730159
10,0.5688727321791838,0.4262152777777778,0.5311302681992337,0.47619047619047616,0.42857142857142855,0.4603174603174603,0.4032258064516129,0.5079365079365079,0.42857142857142855
13,0.7024894810659187,0.6499012508229098,0.7095238095238094,0.7419354838709677,0.7142857142857143,0.8333333333333334,0.5,0.5483870967741935,0.6111111111111112
14,0.5737847222222222,0.5371853546910755,0.701009045246862,0.5079365079365079,0.7301587301587301,0.648,0.42857142857142855,0.6984126984126984,0.3968253968253968
15,0.6987092391304348,0.6955213903743316,0.6821428571428572,0.7301587301587301,0.6984126984126984,0.7142857142857143,0.49206349206349204,0.4603174603174603,0.5
16,0.6488469601677149,0.6437444543034605,0.6308787128712872,0.2857142857142857,0.36507936507936506,0.31746031746031744,0.15873015873015872,0.2222222222222222,0.1984126984126984
17,0.6354515050167224,0.48303287380699894,0.5361207311207311,0.4126984126984127,0.3492063492063492,0.4365079365079365,0.2698412698412698,0.36507936507936506,0.4
19,0.6179401993355482,0.5878607809847198,0.5918963877906165,0.4444444444444444,0.49206349206349204,0.472,0.31746031746031744,0.3968253968253968,0.373015873015873
20,0.8162859980139027,0.7026251025430681,0.6594706126687435,0.6031746031746031,0.36507936507936506,0.2777777777777778,0.15873015873015872,0.15873015873015872,0.144
21,0.5940909090909091,0.7239685725444134,0.6092910293509715,0.6984126984126984,0.746031746031746,0.6507936507936508,0.6031746031746031,0.46774193548387094,0.5317460317460317
23,0.5475961538461539,0.5603603603603604,0.6404268319199826,0.4126984126984127,0.47619047619047616,0.5793650793650794,0.36507936507936506,0.4126984126984127,0.416
24,0.6504065040650406,0.6250965250965251,0.6370892018779343,0.5238095238095238,0.5555555555555556,0.5634920634920635,0.3492063492063492,0.4126984126984127,0.40476190476190477
25,0.6686656671664168,0.5912698412698413,0.6006573083778965,0.4603174603174603,0.6666666666666666,0.6984126984126984,0.2698412698412698,0.5714285714285714,0.5952380952380952
26,0.5628517823639775,0.5549234479990875,0.5568390709141151,0.6507936507936508,0.4603174603174603,0.49193548387096775,0.5873015873015873,0.4032258064516129,0.432
27,0.5679945054945055,0.6127450980392157,0.5104440789473684,0.2222222222222222,0.2857142857142857,0.25396825396825395,0.1746031746031746,0.19047619047619047,0.24603174603174602
28,0.5607985480943739,0.5940450220564262,0.6213755784445439,0.6031746031746031,0.7301587301587301,0.6904761904761905,0.5396825396825397,0.639344262295082,0.56
29,0.6562974827136905,0.6924342105263157,0.613237639553429,0.6507936507936508,0.6031746031746031,0.6031746031746031,0.46774193548387094,0.36507936507936506,0.47619047619047616
30,0.5465225563909775,0.6128775834658188,0.5310336595846264,0.4444444444444444,0.5396825396825397,0.5634920634920635,0.3968253968253968,0.4126984126984127,0.5317460317460317
31,0.4538676607642125,0.46100778153786665,0.48434059212136044,0.4126984126984127,0.45161290322580644,0.46825396825396826,0.4603174603174603,0.49206349206349204,0.48412698412698413
32,0.7456199460916442,0.6056122448979592,0.5347500668270516,0.8412698412698413,0.7777777777777778,0.6904761904761905,0.5555555555555556,0.6825396825396826,0.6587301587301587
33,0.5778388278388278,0.6253869969040248,0.5455486542443064,0.4126984126984127,0.5396825396825397,0.5,0.3333333333333333,0.3968253968253968,0.4523809523809524
34,0.5948269174075625,0.6000816993464052,0.6168344784016425,0.5238095238095238,0.5714285714285714,0.6,0.41935483870967744,0.4603174603174603,0.46825396825396826
36,0.5458333333333334,0.43507751937984496,0.6274586939417781,0.47619047619047616,0.31746031746031744,0.49206349206349204,0.42857142857142855,0.38095238095238093,0.3492063492063492
37,0.6395876772295447,0.6789855072463767,0.6775770823745974,0.27419354838709675,0.47619047619047616,0.3253968253968254,0.15873015873015872,0.2698412698412698,0.15873015873015872
38,0.6487573099415205,0.5330284552845529,0.643022609340252,0.5714285714285714,0.38095238095238093,0.5634920634920635,0.3968253968253968,0.3492063492063492,0.3968253968253968
39,0.7312252964426877,0.7291666666666666,0.7316470788622041,0.36507936507936506,0.3333333333333333,0.4523809523809524,0.12698412698412698,0.1111111111111111,0.18253968253968253
40,0.5581719972254081,0.635363089932326,0.7085561497326203,0.3442622950819672,0.39344262295081966,0.5483870967741935,0.2903225806451613,0.25396825396825395,0.2903225806451613
41,0.6487573099415205,0.5470085470085471,0.563631898214507,0.6031746031746031,0.6190476190476191,0.552,0.42857142857142855,0.5714285714285714,0.48412698412698413
42,0.6541666666666667,0.6721698113207547,0.6626559714795008,0.47619047619047616,0.31746031746031744,0.3492063492063492,0.30158730158730157,0.15873015873015872,0.19047619047619047
43,0.7090807042419945,0.6030277544154752,0.6905953188602442,0.6451612903225806,0.6507936507936508,0.6984126984126984,0.38095238095238093,0.5396825396825397,0.46825396825396826
44,0.5959601019208312,0.6721698113207547,0.5889945652173914,0.3492063492063492,0.31746031746031744,0.12698412698412698,0.25806451612903225,0.15873015873015872,0.0873015873015873
45,0.6353679450240228,0.754080846293961,0.5830577601410936,0.6825396825396826,0.8524590163934426,0.6428571428571429,0.532258064516129,0.5555555555555556,0.5555555555555556
46,0.6910803891449053,0.6979166666666666,0.7008719416970328,0.3968253968253968,0.38095238095238093,0.2698412698412698,0.1935483870967742,0.1746031746031746,0.10317460317460317
47,0.6626559714795008,0.6265625,0.6613465160075329,0.3492063492063492,0.5079365079365079,0.46825396825396826,0.19047619047619047,0.36507936507936506,0.2857142857142857
48,0.5194444444444445,0.6591800180296284,0.5078570696721311,0.2903225806451613,0.3387096774193548,0.23770491803278687,0.27419354838709675,0.1864406779661017,0.232
49,0.6382575757575758,0.5157635467980296,0.6263747054202671,0.5238095238095238,0.4603174603174603,0.608,0.36507936507936506,0.4444444444444444,0.464
50,0.45240384615384616,0.6452079660096738,0.6003276003276004,0.36507936507936506,0.6290322580645161,0.5238095238095238,0.4126984126984127,0.4603174603174603,0.4126984126984127
51,0.5307765151515151,0.7324617346938775,0.6563983205549471,0.5079365079365079,0.7777777777777778,0.6587301587301587,0.47619047619047616,0.49206349206349204,0.47619047619047616
52,0.6020833333333333,0.703125,0.6244203778805938,0.6349206349206349,0.7619047619047619,0.6507936507936508,0.5238095238095238,0.5238095238095238,0.512
53,0.5,0.5274442538593482,0.5927656628591208,0.20634920634920634,0.1746031746031746,0.21428571428571427,0.20634920634920634,0.15873015873015872,0.15079365079365079
54,0.5181818181818182,0.4281567489114659,0.6237978416465472,0.31746031746031744,0.15873015873015872,0.288,0.30158730158730157,0.20634920634920634,0.18253968253968253
55,0.6469404186795491,0.42403628117913833,0.5767841011743451,0.42857142857142855,0.2222222222222222,0.42857142857142855,0.2698412698412698,0.2857142857142857,0.3492063492063492
56,0.7097701149425287,0.6917016806722689,0.7288327991452992,0.23809523809523808,0.2698412698412698,0.25396825396825395,0.07936507936507936,0.1111111111111111,0.07142857142857142
57,0.6021634615384616,0.6257493309760505,0.6041666666666667,0.25396825396825395,0.25806451612903225,0.21428571428571427,0.1746031746031746,0.15873015873015872,0.14285714285714285
58,0.7529761904761905,0.6355661881977671,0.6097756410256411,0.38095238095238093,0.1746031746031746,0.2619047619047619,0.1111111111111111,0.09523809523809523,0.1746031746031746
59,0.6673175433299467,0.7317073170731707,0.696209961428811,0.6507936507936508,0.6507936507936508,0.7063492063492064,0.45161290322580644,0.3492063492063492,0.46825396825396826
60,0.5788235294117647,0.696969696969697,0.6234782608695653,0.2698412698412698,0.5238095238095238,0.3968253968253968,0.20634920634920634,0.2857142857142857,0.2698412698412698
61,0.5759637188208617,0.6740195583043631,0.3958333333333333,0.2857142857142857,0.19047619047619047,0.14285714285714285,0.2222222222222222,0.08064516129032258,0.21428571428571427
62,0.6635174418604651,0.625886524822695,0.7271338724168912,0.5079365079365079,0.38095238095238093,0.42063492063492064,0.31746031746031744,0.25396825396825395,0.16666666666666666
63,0.7398781655997275,0.6274586939417781,0.7543619322278299,0.6031746031746031,0.6507936507936508,0.753968253968254,0.2903225806451613,0.5079365079365079,0.42063492063492064
64,0.5885416666666667,0.6336920248210571,0.5492242013098628,0.5806451612903226,0.5238095238095238,0.488,0.4838709677419355,0.3709677419354839,0.4365079365079365
65,0.4543778801843318,0.5,0.6220381526104417,0.4444444444444444,0.5396825396825397,0.47619047619047616,0.49206349206349204,0.5396825396825397,0.3412698412698413
66,0.42484526967285585,0.5169671261930011,0.5233695652173913,0.5396825396825397,0.6507936507936508,0.47619047619047616,0.6190476190476191,0.6349206349206349,0.4523809523809524
67,0.6505528255528256,0.3782467532467533,0.4293893468263643,0.5,0.5,0.35714285714285715,0.32727272727272727,0.6363636363636364,0.42990654205607476
68,0.6066810344827587,0.6124338624338624,0.5993124522536287,0.12698412698412698,0.2222222222222222,0.0873015873015873,0.07936507936507936,0.14285714285714285,0.05555555555555555
69,0.6690752684498924,0.6881270903010033,0.6533823252308272,0.5396825396825397,0.36507936507936506,0.48412698412698413,0.3387096774193548,0.1746031746031746,0.30952380952380953
71,0.6736111111111112,0.5696327396169326,0.6792346407497397,0.42857142857142855,0.4603174603174603,0.5317460317460317,0.23809523809523808,0.3870967741935484,0.31746031746031744
72,0.6715277777777777,0.6622948704116237,0.6773874957059429,0.6349206349206349,0.5409836065573771,0.6507936507936508,0.42857142857142855,0.3492063492063492,0.4365079365079365
73,0.6299117882919006,0.7033462033462033,0.6020833333333333,0.6825396825396826,0.5873015873015873,0.6349206349206349,0.5396825396825397,0.3333333333333333,0.5238095238095238
74,0.6391006097560975,0.6274586939417781,0.48483928458885917,0.5079365079365079,0.49206349206349204,0.312,0.3492063492063492,0.3492063492063492,0.3253968253968254
75,0.6766091051805337,0.625886524822695,0.5821078431372549,0.4126984126984127,0.38095238095238093,0.25396825396825395,0.2222222222222222,0.25396825396825395,0.19047619047619047
76,0.6789855072463767,0.6559386973180077,0.5574702627121981,0.47619047619047616,0.4603174603174603,0.4126984126984127,0.2698412698412698,0.2857142857142857,0.3548387096774194
77,0.5527649769585253,0.4254385964912281,0.5461323392357875,0.4838709677419355,0.5238095238095238,0.5873015873015873,0.42857142857142855,0.6031746031746031,0.5396825396825397
78,0.6265625,0.5187134502923977,0.6574908088235295,0.6349206349206349,0.7142857142857143,0.6746031746031746,0.49206349206349204,0.6984126984126984,0.49206349206349204
79,0.5980392156862745,0.5,0.6044750231267345,0.2698412698412698,0.20634920634920634,0.373015873015873,0.19047619047619047,0.20634920634920634,0.2698412698412698
80,0.6799999999999999,0.4799749687108886,0.5193236714975845,0.3968253968253968,0.25396825396825395,0.2857142857142857,0.20634920634920634,0.2698412698412698,0.2698412698412698
81,0.6614060258249641,0.4839839839839839,0.7211538461538461,0.6507936507936508,0.5714285714285714,0.7222222222222222,0.4603174603174603,0.5873015873015873,0.4444444444444444
82,0.6907589459730727,0.5800492610837439,0.5193687423687423,0.20967741935483872,0.1111111111111111,0.10317460317460317,0.07936507936507936,0.07936507936507936,0.096
83,0.7058409570724842,0.6353679450240228,0.5975830581745368,0.7777777777777778,0.6825396825396826,0.6031746031746031,0.5396825396825397,0.532258064516129,0.496
84,0.46832358674463936,0.6274586939417781,0.4919457128361237,0.5714285714285714,0.6507936507936508,0.5714285714285714,0.6031746031746031,0.5079365079365079,0.5793650793650794
85,0.6003276003276004,0.6128775834658188,0.5812661777394305,0.5238095238095238,0.5396825396825397,0.6031746031746031,0.4126984126984127,0.4126984126984127,0.5158730158730159
86,0.6885536392486301,0.7680216802168022,0.6195887445887447,0.6507936507936508,0.7142857142857143,0.6111111111111112,0.41935483870967744,0.3492063492063492,0.47619047619047616
87,0.7025641025641025,0.713032581453634,0.7418414918414918,0.6349206349206349,0.6031746031746031,0.6984126984126984,0.38095238095238093,0.3333333333333333,0.38095238095238093
88,0.5735930735930737,0.5482926829268293,0.6572431633407243,0.5238095238095238,0.3968253968253968,0.528,0.4444444444444444,0.3492063492063492,0.344
89,0.7266666666666667,0.6013234077750207,0.614956486541186,0.47619047619047616,0.49206349206349204,0.48412698412698413,0.20634920634920634,0.38095238095238093,0.35714285714285715
90,0.6704211197176193,0.5759637188208617,0.6000652644591973,0.42857142857142855,0.2857142857142857,0.448,0.24193548387096775,0.2222222222222222,0.3412698412698413
91,0.6661224489795918,0.5181818181818181,0.555431131019037,0.7777777777777778,0.6984126984126984,0.746031746031746,0.6031746031746031,0.6825396825396826,0.6984126984126984
92,0.5461323392357875,0.5628517823639775,0.6465993357807664,0.5873015873015873,0.6507936507936508,0.608,0.5396825396825397,0.5873015873015873,0.4365079365079365
93,0.6608738828202582,0.7097701149425287,0.6114133838732614,0.30158730158730157,0.23809523809523808,0.232,0.15873015873015872,0.07936507936507936,0.15079365079365079
94,0.7552083333333333,0.6766091051805337,0.6835466349905088,0.5714285714285714,0.4126984126984127,0.464,0.23809523809523808,0.2222222222222222,0.25396825396825395
95,0.6729691876750701,0.4541666666666667,0.5236668297455969,0.5396825396825397,0.5238095238095238,0.4444444444444444,0.3333333333333333,0.5714285714285714,0.42063492063492064
96,0.4675,0.5572916666666666,0.6562246963562753,0.36507936507936506,0.2857142857142857,0.4126984126984127,0.3968253968253968,0.23809523809523808,0.24603174603174602
98,0.5884615384615385,0.5,0.6818765542847175,0.47619047619047616,0.6507936507936508,0.4126984126984127,0.38095238095238093,0.6507936507936508,0.216
100,0.5804924242424242,0.6837797619047619,0.6499907868067072,0.6984126984126984,0.7619047619047619,0.6428571428571429,0.6190476190476191,0.5555555555555556,0.46825396825396826
101,0.6153673835125448,0.5790697674418605,0.5310500438326525,0.3333333333333333,0.3968253968253968,0.296,0.22580645161290322,0.31746031746031744,0.2698412698412698
103,0.6354515050167224,0.5,0.6289634146341463,0.4126984126984127,0.49206349206349204,0.3253968253968254,0.2698412698412698,0.49206349206349204,0.20634920634920634
104,0.581975074976227,0.6285714285714286,0.5193689698101462,0.45161290322580644,0.6666666666666666,0.5396825396825397,0.36507936507936506,0.5238095238095238,0.52
105,0.6843381843381844,0.6740662438336857,0.6581303063861204,0.5967741935483871,0.6825396825396826,0.5,0.3709677419354839,0.47619047619047616,0.31746031746031744
106,0.5411469534050178,0.6286231884057971,0.5305397727272726,0.8064516129032258,0.7619047619047619,0.7619047619047619,0.7777777777777778,0.6349206349206349,0.7380952380952381
