subID,run,roi1,roi2,TR,ets
81,scene3,CA1,CA23,0,1.6929771294627218
81,scene3,CA1,CA23,1,0.25476377848728554
81,scene3,CA1,CA23,2,0.6074702438695224
81,scene3,CA1,CA23,3,0.1470989291387775
81,scene3,CA1,CA23,4,1.2022431965985183
81,scene3,CA1,CA23,5,2.8767123896948896
81,scene3,CA1,CA23,6,-0.0930742863728584
81,scene3,CA1,CA23,7,-0.3097631739865108
81,scene3,CA1,CA23,8,0.014150205894023165
81,scene3,CA1,CA23,9,-0.15138761618243213
81,scene3,CA1,CA23,10,-0.5957122191478128
81,scene3,CA1,CA23,11,0.004969099742085048
81,scene3,CA1,CA23,12,0.06757868717602945
81,scene3,CA1,CA23,13,0.05083414858401559
81,scene3,CA1,CA23,14,-0.7400961426076049
81,scene3,CA1,CA23,15,0.5791522509876327
81,scene3,CA1,CA23,16,-0.13711827943727148
81,scene3,CA1,CA23,17,-0.31425979575076707
81,scene3,CA1,CA23,18,-0.2715980292887831
81,scene3,CA1,CA23,19,0.5985914724857588
81,scene3,CA1,CA23,20,0.1740399439296262
81,scene3,CA1,CA23,21,-0.0706052140548992
81,scene3,CA1,CA23,22,0.33640048667124844
81,scene3,CA1,CA23,23,0.1818111340470342
81,scene3,CA1,CA23,24,0.07943062490852791
81,scene3,CA1,CA23,25,-0.0018777270687002914
81,scene3,CA1,CA23,26,0.5833132661071616
81,scene3,CA1,CA23,27,-2.2384139630543043
81,scene3,CA1,CA23,28,2.0067844892027917
81,scene3,CA1,CA23,29,-0.26336303890142515
81,scene3,CA1,CA23,30,-0.015021642999648725
81,scene3,CA1,CA23,31,-0.8264315668445502
81,scene3,CA1,CA23,32,2.0062942953365357
81,scene3,CA1,CA23,33,-0.20118074769803776
81,scene3,CA1,CA23,34,2.211818451079164
81,scene3,CA1,CA23,35,-0.6936825369719242
81,scene3,CA1,CA23,36,1.015531686675545
81,scene3,CA1,CA23,37,-0.3224088312739267
81,scene3,CA1,CA23,38,-0.3473349602477625
81,scene3,CA1,CA23,39,-0.43087934429917424
81,scene3,CA1,CA23,40,-0.9397560014979499
81,scene3,CA1,CA23,41,1.8526397714575593
81,scene3,CA1,CA23,42,0.2532998208783938
81,scene3,CA1,CA23,43,0.7271845415000354
81,scene3,CA1,CA23,44,0.5774683155008562
81,scene3,CA1,CA23,45,0.4375847169229606
81,scene3,CA1,CA23,46,1.3405717326294684
81,scene3,CA1,CA23,47,0.38690047608989536
81,scene3,CA1,CA23,48,-0.05124564081252958
81,scene3,CA1,CA23,49,0.19940124548648927
81,scene3,CA1,CA23,50,-0.05128074765772231
81,scene3,CA1,CA23,51,-0.552010807304339
81,scene3,CA1,CA23,52,1.0212272867015182
81,scene3,CA1,CA23,53,-1.0623400208536198
81,scene3,CA1,CA23,54,0.21100262307501003
81,scene3,CA1,CA23,55,0.6883186225231911
81,scene3,CA1,CA23,56,-0.07866628280431026
81,scene3,CA1,CA23,57,-0.4568926645505479
81,scene3,CA1,CA23,58,-0.6835944567012755
81,scene3,CA1,CA23,59,0.7138821919118783
81,scene3,CA1,CA23,60,-0.40011328005549207
81,scene3,CA1,CA23,61,-0.7747870124719836
81,scene3,CA1,CA23,62,0.2889473320779024
81,scene3,CA1,CA23,63,-0.06462878654045884
81,scene3,CA1,CA23,64,-0.3562031994363235
81,scene3,CA1,CA23,65,1.1194493306405136
81,scene3,CA1,CA23,66,1.5256224272864156
81,scene3,CA1,CA23,67,-0.40708383607166554
81,scene3,CA1,CA23,68,-0.20492062627952753
81,scene3,CA1,CA23,69,-0.3368600531592579
81,scene3,CA1,CA23,70,0.40075743139935094
81,scene3,CA1,CA23,71,0.020525710559088396
81,scene3,CA1,CA23,72,-0.20379831108870902
81,scene3,CA1,CA23,73,-0.4333488883465947
81,scene3,CA1,CA23,74,0.16685693476178115
81,scene3,CA1,CA23,75,-0.39460278122978715
81,scene3,CA1,CA23,76,-0.0685305783913266
81,scene3,CA1,CA23,77,-1.7772151132552918
81,scene3,CA1,CA23,78,0.03642926435747446
81,scene3,CA1,CA23,79,2.998679550575252
81,scene3,CA1,CA23,80,1.5858510313497907
81,scene3,CA1,CA23,81,0.4430317509801816
81,scene3,CA1,CA23,82,-1.6938263379026464
81,scene3,CA1,CA23,83,2.118740838236806
81,scene3,CA1,CA23,84,0.5370663505431482
81,scene3,CA1,CA23,85,3.435571419031428
81,scene3,CA1,CA23,86,-0.19564973419380294
81,scene3,CA1,CA23,87,-0.2664917472140434
81,scene3,CA1,CA23,88,0.17143947752278987
81,scene3,CA1,CA23,89,0.003791570294665676
81,scene3,CA1,CA23,90,3.1682624110839512
81,scene3,CA1,CA23,91,-0.32841667523629897
81,scene3,CA1,CA23,92,1.2645360924902618
81,scene3,CA1,CA23,93,0.14482465063017555
81,scene3,CA1,CA23,94,0.2058011232194766
81,scene3,CA1,CA23,95,-0.6141575906644569
81,scene3,CA1,CA23,96,0.37842628846536697
81,scene3,CA1,CA23,97,0.4708728233482631
81,scene3,CA1,CA23,98,0.12140432973796685
81,scene3,CA1,CA23,99,-0.0020467748234901007
81,scene3,CA1,CA23,100,0.1631122633865872
81,scene3,CA1,CA23,101,1.0996910165314813
81,scene3,CA1,CA23,102,0.2308629630727214
81,scene3,CA1,CA23,103,0.01432537799499972
81,scene3,CA1,CA23,104,0.27414359064045785
81,scene3,CA1,CA23,105,0.01720256873934639
81,scene3,CA1,CA23,106,0.03921484462794284
81,scene3,CA1,CA23,107,0.10873407094553686
81,scene3,CA1,CA23,108,-0.21632617024501744
81,scene3,CA1,CA23,109,-1.4605838143306293
81,scene3,CA1,CA23,110,2.8288866796945267
81,scene3,CA1,CA23,111,-0.9248412982210986
81,scene3,CA1,CA23,112,-0.6485089144510254
81,scene3,CA1,CA23,113,0.3376993460155889
81,scene3,CA1,CA23,114,5.195009792918212
81,scene3,CA1,CA23,115,0.02551370127860267
81,scene3,CA1,CA23,116,0.011718240047579284
81,scene3,CA1,CA23,117,0.02330021500175593
81,scene3,CA1,CA23,118,0.9174123892635542
81,scene3,CA1,CA23,119,0.014187250945522365
81,scene3,CA1,CA23,120,-0.0001477745083502774
81,scene3,CA1,CA23,121,0.5392042574183893
81,scene3,CA1,CA23,122,1.7893482537849223
81,scene3,CA1,CA23,123,1.5354345106898635
81,scene3,CA1,CA23,124,-0.2403028778541091
81,scene3,CA1,CA23,125,0.011231331427887693
81,scene3,CA1,CA23,126,7.058247984730408
81,scene3,CA1,CA23,127,1.5046034049633488
81,scene3,CA1,CA23,128,-0.6167460438368771
81,scene3,CA1,CA23,129,-0.254262201553034
81,scene3,CA1,CA23,130,1.5493898442797496
81,scene3,CA1,CA23,131,0.0583877665644219
81,scene3,CA1,CA23,132,1.1655169904904064
81,scene3,CA1,CA23,133,-0.05973628360909271
81,scene3,CA1,CA23,134,0.25824938165724326
81,scene3,CA1,CA23,135,0.3228652356820256
81,scene3,CA1,CA23,136,0.25116507501414326
81,scene3,CA1,CA23,137,-0.04781539680280093
81,scene3,CA1,CA23,138,0.039397027736996285
81,scene3,CA1,CA23,139,0.48145924746967633
81,scene3,CA1,CA23,140,1.6017204508049816
81,scene3,CA1,CA23,141,4.5936869812331675
81,scene3,CA1,CA23,142,0.4689974286317097
81,scene3,CA1,CA23,143,0.30209534530344156
81,scene3,CA1,CA23,144,0.3259942766850246
81,scene3,CA1,CA23,145,-0.495849689161079
81,scene3,CA1,CA23,146,-0.08948697794572663
81,scene3,CA1,CA23,147,0.49251129994703036
81,scene3,CA1,CA23,148,-0.015868721355198918
81,scene3,CA1,CA23,149,0.4622038153976085
81,scene3,CA1,CA23,150,-0.04730454896086916
81,scene3,CA1,CA23,151,0.018355569549427943
81,scene3,CA1,CA23,152,2.281410664626143
81,scene3,CA1,CA23,153,0.823315405050711
81,scene3,CA1,CA23,154,0.19895282245864646
81,scene3,CA1,CA23,155,-0.14821148624454655
81,scene3,CA1,CA23,156,-0.2592968682572
81,scene3,CA1,CA23,157,-0.498305458792207
81,scene3,CA1,CA23,158,-0.7235768683547367
81,scene3,CA1,CA23,159,0.23134547324041815
81,scene3,CA1,CA23,160,0.1117992033532493
81,scene3,CA1,CA23,161,0.015660181907273227
81,scene3,CA1,CA23,162,-0.13519822752886562
81,scene3,CA1,CA23,163,-0.027146106257585352
81,scene3,CA1,CA23,164,-0.18430449911085464
81,scene3,CA1,CA23,165,0.34089725857706776
81,scene3,CA1,CA23,166,0.4105254127824285
81,scene3,CA1,CA23,167,0.7955537544129224
81,scene3,CA1,CA23,168,0.11403858768885802
81,scene3,CA1,CA23,169,-0.0824171290732661
81,scene3,CA1,CA23,170,-0.08018289723004288
81,scene3,CA1,CA23,171,-0.2957702032159206
81,scene3,CA1,CA23,172,0.010168175906457626
81,scene3,CA1,CA23,173,0.8457414738990477
81,scene3,CA1,CA23,174,0.27276278768623696
81,scene3,CA1,CA23,175,0.00023362378948774698
81,scene3,CA1,CA23,176,0.4304336332676643
81,scene3,CA1,CA23,177,-0.04560740478691906
81,scene3,CA1,CA23,178,-0.10894691073352367
81,scene3,CA1,CA23,179,2.8321684308043142
81,scene3,CA1,CA23,180,-0.5671312347780271
81,scene3,CA1,CA23,181,0.36407755699325045
81,scene3,CA1,CA23,182,-0.33078172184770505
81,scene3,CA1,CA23,183,-0.38681677870554454
81,scene3,CA1,CA23,184,-0.46440410100727164
81,scene3,CA1,CA23,185,0.07060116214544711
81,scene3,CA1,CA23,186,0.19407804719595143
81,scene3,CA1,CA23,187,0.08756777607366115
81,scene3,CA1,CA23,188,1.5257338907489908
81,scene3,CA1,CA23,189,0.0028511450508911093
81,scene3,CA1,CA23,190,-0.44210385089165116
81,scene3,CA1,CA23,191,-0.9347232292171138
81,scene3,CA1,CA23,192,0.6121024822238419
81,scene3,CA1,CA23,193,5.38064171446592
81,scene3,CA1,CA23,194,-0.021787848206263324
81,scene3,CA1,CA23,195,-0.13661423160036532
81,scene3,CA1,CA23,196,0.9034741209363607
81,scene3,CA1,CA23,197,-0.31105788526403993
81,scene3,CA1,CA23,198,-0.15264180643643202
81,scene3,CA1,CA23,199,0.0835438275328115
81,scene3,CA1,CA23,200,-0.024799785138776367
81,scene3,CA1,CA23,201,-0.5609475164184622
81,scene3,CA1,CA23,202,0.04291169590116908
81,scene3,CA1,CA23,203,3.54616687928517
81,scene3,CA1,CA23,204,0.44452698267239826
81,scene3,CA1,CA23,205,0.634955626991374
81,scene3,CA1,CA23,206,-0.35485616196848346
81,scene3,CA1,CA23,207,0.26220875256573484
81,scene3,CA1,CA23,208,1.3421048508828242
81,scene3,CA1,CA23,209,-0.022477389052421453
81,scene3,CA1,CA23,210,-0.3253758084762928
81,scene3,CA1,CA23,211,0.3342767939764932
81,scene3,CA1,CA23,212,0.22773642417700515
81,scene3,CA1,CA23,213,-0.06806622925872977
81,scene3,CA1,CA23,214,-0.02161750136543123
81,scene3,CA1,CA23,215,-0.18925977454160667
81,scene3,CA1,CA23,216,0.15917234754942694
81,scene3,CA1,CA23,217,-1.344710523949353
81,scene3,CA1,CA23,218,-0.23024600291604166
81,scene3,CA1,CA23,219,0.026335953240258943
81,scene3,CA1,CA23,220,1.1724693425547956
81,scene3,CA1,CA23,221,0.3685109015216596
81,scene3,CA1,CA23,222,-0.060099854491424916
81,scene3,CA1,CA23,223,-0.027004548565372963
81,scene3,CA1,CA23,224,-0.7073461173841217
81,scene3,CA1,CA23,225,-0.16913758936268364
81,scene3,CA1,CA23,226,-0.5416495520135632
81,scene3,CA1,CA23,227,-0.5723666728997271
81,scene3,CA1,CA23,228,0.20619407770189693
81,scene3,CA1,CA23,229,0.6747625831769177
81,scene3,CA1,CA23,230,-0.24553011788760123
81,scene3,CA1,CA23,231,-0.8387287064124356
81,scene3,CA1,CA23,232,2.033982638002438
81,scene3,CA1,CA23,233,0.14471402896425373
81,scene3,CA1,CA23,234,0.13355198786338335
81,scene3,CA1,CA23,235,-1.1758412224773036
81,scene3,CA1,CA23,236,0.16173263591621287
81,scene3,CA1,CA23,237,1.3861882915519452
81,scene3,CA1,CA23,238,0.07117317444388381
81,scene3,CA1,CA23,239,1.5251550001420218
81,scene3,CA1,CA23,240,1.6318773607179389
81,scene3,CA1,CA23,241,1.368158004591514
81,scene3,CA1,CA23,242,0.6179356445685364
81,scene3,CA1,CA23,243,-0.11725485143638262
81,scene3,CA1,CA23,244,0.9194907020444181
81,scene3,CA1,CA23,245,-0.014267851108879969
81,scene3,CA1,CA23,246,0.470432598597869
81,scene3,CA1,CA23,247,-0.07208698051010075
81,scene3,CA1,CA23,248,0.4191948125370986
81,scene3,CA1,CA23,249,-1.0444533896759294
81,scene3,CA1,CA23,250,0.13352146834818734
81,scene3,CA1,CA23,251,0.6042408503938121
81,scene3,CA1,CA23,252,0.24926018151929374
81,scene3,CA1,CA23,253,1.1577689003116625
81,scene3,CA1,DG,0,1.1223717274025928
81,scene3,CA1,DG,1,0.7772611849452392
81,scene3,CA1,DG,2,-0.20417972433281587
81,scene3,CA1,DG,3,0.18328070422927786
81,scene3,CA1,DG,4,0.9075048339739029
81,scene3,CA1,DG,5,0.7087259600210966
81,scene3,CA1,DG,6,0.09723065727152609
81,scene3,CA1,DG,7,0.13945996627318305
81,scene3,CA1,DG,8,0.005435698629722004
81,scene3,CA1,DG,9,0.3357935526639718
81,scene3,CA1,DG,10,0.21048490102016895
81,scene3,CA1,DG,11,0.0888432101684022
81,scene3,CA1,DG,12,0.06785826426691442
81,scene3,CA1,DG,13,0.2980004607052314
81,scene3,CA1,DG,14,0.8237854867405251
81,scene3,CA1,DG,15,0.5183123040321032
81,scene3,CA1,DG,16,0.07791851003702172
81,scene3,CA1,DG,17,0.27260471429655636
81,scene3,CA1,DG,18,-0.42431737031832156
81,scene3,CA1,DG,19,-0.121056823824456
81,scene3,CA1,DG,20,-0.13428025352654213
81,scene3,CA1,DG,21,-0.04799564847689474
81,scene3,CA1,DG,22,0.18241139888763233
81,scene3,CA1,DG,23,-0.5962130913332482
81,scene3,CA1,DG,24,-0.36809089827605185
81,scene3,CA1,DG,25,0.051236064941133155
81,scene3,CA1,DG,26,0.08724379128777594
81,scene3,CA1,DG,27,-0.87050018543152
81,scene3,CA1,DG,28,2.3152697963371938
81,scene3,CA1,DG,29,-0.3457951483268595
81,scene3,CA1,DG,30,-0.2416084845103746
81,scene3,CA1,DG,31,0.8926839380498935
81,scene3,CA1,DG,32,2.306615256465658
81,scene3,CA1,DG,33,-0.10559695597727115
81,scene3,CA1,DG,34,2.636034146617286
81,scene3,CA1,DG,35,0.7871747552949593
81,scene3,CA1,DG,36,0.7920802770543773
81,scene3,CA1,DG,37,-0.5532213976486414
81,scene3,CA1,DG,38,-0.26726175239683075
81,scene3,CA1,DG,39,0.13488553465819839
81,scene3,CA1,DG,40,-0.008862898096558533
81,scene3,CA1,DG,41,1.6753740025446962
81,scene3,CA1,DG,42,0.11646913917159367
81,scene3,CA1,DG,43,-0.4914070038787544
81,scene3,CA1,DG,44,1.1368513150006243
81,scene3,CA1,DG,45,0.6278708663948502
81,scene3,CA1,DG,46,1.189305826939685
81,scene3,CA1,DG,47,0.24223211769443978
81,scene3,CA1,DG,48,0.162997006458116
81,scene3,CA1,DG,49,0.09166407192407466
81,scene3,CA1,DG,50,0.5712143647200401
81,scene3,CA1,DG,51,-0.882138347797488
81,scene3,CA1,DG,52,1.0858303697451985
81,scene3,CA1,DG,53,-0.36673140483707584
81,scene3,CA1,DG,54,-0.24954640965298677
81,scene3,CA1,DG,55,-0.015512031595065168
81,scene3,CA1,DG,56,-0.18942437995262768
81,scene3,CA1,DG,57,-0.03294331370912122
81,scene3,CA1,DG,58,-0.07117377604392078
81,scene3,CA1,DG,59,-0.07110508932340172
81,scene3,CA1,DG,60,0.31146268309490455
81,scene3,CA1,DG,61,-0.37989713247137485
81,scene3,CA1,DG,62,-0.5013620167716939
81,scene3,CA1,DG,63,-0.036569499631426076
81,scene3,CA1,DG,64,-0.2719623471610938
81,scene3,CA1,DG,65,3.8610043666461724
81,scene3,CA1,DG,66,3.2900409263618586
81,scene3,CA1,DG,67,0.6898687814437651
81,scene3,CA1,DG,68,0.20122901235649424
81,scene3,CA1,DG,69,-0.1807065779683735
81,scene3,CA1,DG,70,0.8410012257032264
81,scene3,CA1,DG,71,0.07733844381434876
81,scene3,CA1,DG,72,0.5186818146713271
81,scene3,CA1,DG,73,-0.19057474762635793
81,scene3,CA1,DG,74,0.23330168847632773
81,scene3,CA1,DG,75,1.3373590262803474
81,scene3,CA1,DG,76,0.5458962662351042
81,scene3,CA1,DG,77,0.5318168240529935
81,scene3,CA1,DG,78,0.021312458511158667
81,scene3,CA1,DG,79,2.269289355738753
81,scene3,CA1,DG,80,1.0174478480697269
81,scene3,CA1,DG,81,1.2598057631186435
81,scene3,CA1,DG,82,-0.1114319551646844
81,scene3,CA1,DG,83,0.3796741082384912
81,scene3,CA1,DG,84,2.47179617524956
81,scene3,CA1,DG,85,4.174762506317991
81,scene3,CA1,DG,86,0.3752008294035037
81,scene3,CA1,DG,87,-0.4671426995274139
81,scene3,CA1,DG,88,-0.11678692536917822
81,scene3,CA1,DG,89,-0.0020163611850731486
81,scene3,CA1,DG,90,2.8937599637323923
81,scene3,CA1,DG,91,-0.10066360113976722
81,scene3,CA1,DG,92,2.346868812262699
81,scene3,CA1,DG,93,-0.48301120770252115
81,scene3,CA1,DG,94,-0.064673780407285
81,scene3,CA1,DG,95,1.16149391011008
81,scene3,CA1,DG,96,0.8064951945130211
81,scene3,CA1,DG,97,0.8175611579249275
81,scene3,CA1,DG,98,0.0543893975075604
81,scene3,CA1,DG,99,0.0056548297962387
81,scene3,CA1,DG,100,-0.1546310914345878
81,scene3,CA1,DG,101,-0.3697832113853355
81,scene3,CA1,DG,102,1.3823474376157905
81,scene3,CA1,DG,103,0.026326892977852283
81,scene3,CA1,DG,104,0.5052292383047559
81,scene3,CA1,DG,105,-0.2522035522399676
81,scene3,CA1,DG,106,0.1306974030048057
81,scene3,CA1,DG,107,0.13288197899320012
81,scene3,CA1,DG,108,0.04205439910687014
81,scene3,CA1,DG,109,1.8556703131531762
81,scene3,CA1,DG,110,0.7225934274246301
81,scene3,CA1,DG,111,0.9810385563526041
81,scene3,CA1,DG,112,1.1502890180230256
81,scene3,CA1,DG,113,-0.8858155532541055
81,scene3,CA1,DG,114,5.239240354241776
81,scene3,CA1,DG,115,0.016384460750687207
81,scene3,CA1,DG,116,0.008740233375159261
81,scene3,CA1,DG,117,0.01695535252729833
81,scene3,CA1,DG,118,0.3362703456213651
81,scene3,CA1,DG,119,0.007275411333499348
81,scene3,CA1,DG,120,-9.567060868249605e-05
81,scene3,CA1,DG,121,4.0437696824081435
81,scene3,CA1,DG,122,8.340462111389048
81,scene3,CA1,DG,123,2.241246069303684
81,scene3,CA1,DG,124,-0.25004219512764514
81,scene3,CA1,DG,125,0.006937097761280702
81,scene3,CA1,DG,126,6.076166694071929
81,scene3,CA1,DG,127,2.806747310016953
81,scene3,CA1,DG,128,-0.08503818718250045
81,scene3,CA1,DG,129,0.36907374642798424
81,scene3,CA1,DG,130,0.7128572828440297
81,scene3,CA1,DG,131,0.009701356491625365
81,scene3,CA1,DG,132,-0.027242474239903402
81,scene3,CA1,DG,133,-0.13910203221014342
81,scene3,CA1,DG,134,0.7518607493983019
81,scene3,CA1,DG,135,1.1008936643375398
81,scene3,CA1,DG,136,0.2699736637509274
81,scene3,CA1,DG,137,-0.16431203318290236
81,scene3,CA1,DG,138,0.042457234847753315
81,scene3,CA1,DG,139,0.560674447051397
81,scene3,CA1,DG,140,1.691973223974489
81,scene3,CA1,DG,141,3.517356493869489
81,scene3,CA1,DG,142,0.11103396267556366
81,scene3,CA1,DG,143,0.13913537017148864
81,scene3,CA1,DG,144,0.05608502297907713
81,scene3,CA1,DG,145,0.09858567459466112
81,scene3,CA1,DG,146,0.12651457613199926
81,scene3,CA1,DG,147,-0.403087810366401
81,scene3,CA1,DG,148,-0.09991688002850527
81,scene3,CA1,DG,149,0.6980660880104183
81,scene3,CA1,DG,150,-0.19993978253964706
81,scene3,CA1,DG,151,0.009622088115612238
81,scene3,CA1,DG,152,0.27671132704315055
81,scene3,CA1,DG,153,0.020060317171260052
81,scene3,CA1,DG,154,1.1105809895914787
81,scene3,CA1,DG,155,0.03578937471516307
81,scene3,CA1,DG,156,-0.3035728100945533
81,scene3,CA1,DG,157,-0.05452015784171963
81,scene3,CA1,DG,158,-0.04670326798645963
81,scene3,CA1,DG,159,0.490226939268476
81,scene3,CA1,DG,160,-0.0690733882380817
81,scene3,CA1,DG,161,0.015026481910183536
81,scene3,CA1,DG,162,0.34068451768259506
81,scene3,CA1,DG,163,-0.5120201242420144
81,scene3,CA1,DG,164,-0.2213326073704043
81,scene3,CA1,DG,165,0.5615118258271724
81,scene3,CA1,DG,166,-0.02421484984173817
81,scene3,CA1,DG,167,0.8079177653683087
81,scene3,CA1,DG,168,0.1849847317540799
81,scene3,CA1,DG,169,0.18623366814864262
81,scene3,CA1,DG,170,-0.03239426889518421
81,scene3,CA1,DG,171,0.5552186793414365
81,scene3,CA1,DG,172,0.001056492631896524
81,scene3,CA1,DG,173,0.486924648841979
81,scene3,CA1,DG,174,0.13234928816419203
81,scene3,CA1,DG,175,-0.012722961852788896
81,scene3,CA1,DG,176,-0.34273330217314535
81,scene3,CA1,DG,177,0.01630128937258374
81,scene3,CA1,DG,178,1.055376476403403
81,scene3,CA1,DG,179,1.1428310506474266
81,scene3,CA1,DG,180,0.24195320285872016
81,scene3,CA1,DG,181,0.4816443350585199
81,scene3,CA1,DG,182,-0.5279903604890792
81,scene3,CA1,DG,183,-0.9759665161705632
81,scene3,CA1,DG,184,-0.2755923865139238
81,scene3,CA1,DG,185,-0.20412300956909693
81,scene3,CA1,DG,186,0.2185293124841854
81,scene3,CA1,DG,187,0.7946770087538031
81,scene3,CA1,DG,188,0.595976140827641
81,scene3,CA1,DG,189,0.6438790785835814
81,scene3,CA1,DG,190,-0.3210481602158325
81,scene3,CA1,DG,191,-0.7009433024337498
81,scene3,CA1,DG,192,0.6257608667177239
81,scene3,CA1,DG,193,3.0439080925292354
81,scene3,CA1,DG,194,-0.00291621483300289
81,scene3,CA1,DG,195,0.935540794516681
81,scene3,CA1,DG,196,1.805356293409641
81,scene3,CA1,DG,197,-0.255383537595342
81,scene3,CA1,DG,198,-0.2614412642703117
81,scene3,CA1,DG,199,0.07326052612169874
81,scene3,CA1,DG,200,0.17136660893024505
81,scene3,CA1,DG,201,2.8510912237496435
81,scene3,CA1,DG,202,0.022579085051735646
81,scene3,CA1,DG,203,5.429943905719936
81,scene3,CA1,DG,204,2.219284870097223
81,scene3,CA1,DG,205,-0.841135660381721
81,scene3,CA1,DG,206,-0.4818454791667542
81,scene3,CA1,DG,207,2.0799666838458895
81,scene3,CA1,DG,208,2.14724902246767
81,scene3,CA1,DG,209,0.4337933610934279
81,scene3,CA1,DG,210,0.5239811145823875
81,scene3,CA1,DG,211,-0.22939554743688256
81,scene3,CA1,DG,212,0.14092677623123934
81,scene3,CA1,DG,213,-0.05719911686541814
81,scene3,CA1,DG,214,1.4335882965807647
81,scene3,CA1,DG,215,-0.1392221029921258
81,scene3,CA1,DG,216,-0.08267360940982438
81,scene3,CA1,DG,217,-0.44143563766117777
81,scene3,CA1,DG,218,-0.025177067506354595
81,scene3,CA1,DG,219,0.01907796194139898
81,scene3,CA1,DG,220,1.1339822885571227
81,scene3,CA1,DG,221,2.1755653542395965
81,scene3,CA1,DG,222,1.2984702151211593
81,scene3,CA1,DG,223,-0.06375798697105567
81,scene3,CA1,DG,224,0.5309128033052207
81,scene3,CA1,DG,225,-1.7887088378053908
81,scene3,CA1,DG,226,0.9533087537990044
81,scene3,CA1,DG,227,0.06862657017660674
81,scene3,CA1,DG,228,-0.2271071587539415
81,scene3,CA1,DG,229,1.515498462649306
81,scene3,CA1,DG,230,0.3939241207830625
81,scene3,CA1,DG,231,1.234833038694027
81,scene3,CA1,DG,232,0.26572573132518135
81,scene3,CA1,DG,233,-0.38280230852203206
81,scene3,CA1,DG,234,0.28366112768239415
81,scene3,CA1,DG,235,1.3026992340436157
81,scene3,CA1,DG,236,0.3160546061234223
81,scene3,CA1,DG,237,-0.24970753389512926
81,scene3,CA1,DG,238,-0.18825062017796934
81,scene3,CA1,DG,239,1.0537526461171949
81,scene3,CA1,DG,240,1.3971285358811407
81,scene3,CA1,DG,241,0.4006123355880778
81,scene3,CA1,DG,242,0.3098345493595571
81,scene3,CA1,DG,243,-0.24804855283607102
81,scene3,CA1,DG,244,1.094555022695023
81,scene3,CA1,DG,245,0.007676403251255996
81,scene3,CA1,DG,246,0.3417121405676916
81,scene3,CA1,DG,247,0.7535589960579296
81,scene3,CA1,DG,248,0.5734148367010058
81,scene3,CA1,DG,249,0.07348405496353148
81,scene3,CA1,DG,250,0.0550894454953946
81,scene3,CA1,DG,251,0.1626396599877266
81,scene3,CA1,DG,252,-0.04084301313042005
81,scene3,CA1,DG,253,1.1880429031912871
81,scene3,CA1,EC,0,-0.7029893592333831
81,scene3,CA1,EC,1,-0.5528943865859318
81,scene3,CA1,EC,2,0.2784213832279324
81,scene3,CA1,EC,3,-0.09413877266820142
81,scene3,CA1,EC,4,-0.3041893220969098
81,scene3,CA1,EC,5,2.4804498085931983
81,scene3,CA1,EC,6,0.30045471233275567
81,scene3,CA1,EC,7,0.22991445139799813
81,scene3,CA1,EC,8,0.02825086000143125
81,scene3,CA1,EC,9,0.07604979540203413
81,scene3,CA1,EC,10,0.986703713200917
81,scene3,CA1,EC,11,0.07720945415728116
81,scene3,CA1,EC,12,-0.18445454008882925
81,scene3,CA1,EC,13,-0.30183060833846154
81,scene3,CA1,EC,14,-0.4046256902481572
81,scene3,CA1,EC,15,-0.10420077848612419
81,scene3,CA1,EC,16,0.07243097051770576
81,scene3,CA1,EC,17,-0.4597744857036778
81,scene3,CA1,EC,18,0.019489627845343523
81,scene3,CA1,EC,19,-0.23932643904682507
81,scene3,CA1,EC,20,0.02369259019547979
81,scene3,CA1,EC,21,-0.008064697280659418
81,scene3,CA1,EC,22,0.0687499031662692
81,scene3,CA1,EC,23,0.05521348902464386
81,scene3,CA1,EC,24,0.4462948203719344
81,scene3,CA1,EC,25,0.011823733283131176
81,scene3,CA1,EC,26,0.4966626985898719
81,scene3,CA1,EC,27,0.3115016205468561
81,scene3,CA1,EC,28,0.9786180748857158
81,scene3,CA1,EC,29,-0.6940351767646149
81,scene3,CA1,EC,30,-0.12322010658585687
81,scene3,CA1,EC,31,3.1012438811418126
81,scene3,CA1,EC,32,-0.7322625461921041
81,scene3,CA1,EC,33,0.0681850322247819
81,scene3,CA1,EC,34,1.547852353847719
81,scene3,CA1,EC,35,-0.08966884638528955
81,scene3,CA1,EC,36,0.03289363210743962
81,scene3,CA1,EC,37,0.9389716270860992
81,scene3,CA1,EC,38,-0.031839172907924214
81,scene3,CA1,EC,39,-0.9088986137024364
81,scene3,CA1,EC,40,-0.4912039001228658
81,scene3,CA1,EC,41,1.7436100956568215
81,scene3,CA1,EC,42,0.21429159280657162
81,scene3,CA1,EC,43,-0.8286287906501609
81,scene3,CA1,EC,44,1.3763212378960448
81,scene3,CA1,EC,45,-0.2330783501750624
81,scene3,CA1,EC,46,1.2978332418202203
81,scene3,CA1,EC,47,0.46670416060553005
81,scene3,CA1,EC,48,-0.05422818751469409
81,scene3,CA1,EC,49,-0.8192095710222742
81,scene3,CA1,EC,50,-0.5768293832208389
81,scene3,CA1,EC,51,0.33217513600030774
81,scene3,CA1,EC,52,0.3237307622316006
81,scene3,CA1,EC,53,-1.199827624997407
81,scene3,CA1,EC,54,-0.3565621487129262
81,scene3,CA1,EC,55,-0.4522585733656521
81,scene3,CA1,EC,56,0.09450691404589938
81,scene3,CA1,EC,57,0.04829183129571227
81,scene3,CA1,EC,58,0.4027331148141243
81,scene3,CA1,EC,59,-1.11648048768993
81,scene3,CA1,EC,60,0.23506212309808072
81,scene3,CA1,EC,61,0.6880406477858673
81,scene3,CA1,EC,62,0.8144850411566943
81,scene3,CA1,EC,63,-1.1392504623449198
81,scene3,CA1,EC,64,0.07633712729404064
81,scene3,CA1,EC,65,3.2685910502700506
81,scene3,CA1,EC,66,1.263454506062595
81,scene3,CA1,EC,67,-0.14860889976444708
81,scene3,CA1,EC,68,-0.41180732148654164
81,scene3,CA1,EC,69,0.5227313245051385
81,scene3,CA1,EC,70,3.030400784492518
81,scene3,CA1,EC,71,-0.2516560227027658
81,scene3,CA1,EC,72,-0.04975391601024283
81,scene3,CA1,EC,73,-0.007389805574308213
81,scene3,CA1,EC,74,1.0530335771307182
81,scene3,CA1,EC,75,0.3378966086554502
81,scene3,CA1,EC,76,-0.22299388746991852
81,scene3,CA1,EC,77,-0.9947545558044372
81,scene3,CA1,EC,78,0.17790830130403204
81,scene3,CA1,EC,79,-0.7829156288553485
81,scene3,CA1,EC,80,-1.131683773482463
81,scene3,CA1,EC,81,-0.392269579273753
81,scene3,CA1,EC,82,0.5012545839083571
81,scene3,CA1,EC,83,0.10916822312972427
81,scene3,CA1,EC,84,-0.3083797278565957
81,scene3,CA1,EC,85,0.2566946670544442
81,scene3,CA1,EC,86,0.7633038417313127
81,scene3,CA1,EC,87,-0.3935773491311109
81,scene3,CA1,EC,88,0.0361344698860548
81,scene3,CA1,EC,89,-0.008474288502780512
81,scene3,CA1,EC,90,0.43640941723159626
81,scene3,CA1,EC,91,1.0756277926602063
81,scene3,CA1,EC,92,0.44947982685201127
81,scene3,CA1,EC,93,0.13573764928607124
81,scene3,CA1,EC,94,-0.6127922836028966
81,scene3,CA1,EC,95,-0.1478784137190488
81,scene3,CA1,EC,96,0.4418837018235252
81,scene3,CA1,EC,97,0.8430896815065833
81,scene3,CA1,EC,98,0.08578760277523927
81,scene3,CA1,EC,99,0.00420405403047955
81,scene3,CA1,EC,100,0.1998271327903849
81,scene3,CA1,EC,101,-0.23715255144204825
81,scene3,CA1,EC,102,-0.09086411637260132
81,scene3,CA1,EC,103,-0.3406822879748448
81,scene3,CA1,EC,104,1.696883748065844
81,scene3,CA1,EC,105,-0.6911353676839227
81,scene3,CA1,EC,106,-0.00037596648016172005
81,scene3,CA1,EC,107,0.08389604117727792
81,scene3,CA1,EC,108,-0.004913113735670091
81,scene3,CA1,EC,109,2.1649557290392836
81,scene3,CA1,EC,110,0.6656669015488443
81,scene3,CA1,EC,111,0.1731775724833169
81,scene3,CA1,EC,112,1.5814702958569054
81,scene3,CA1,EC,113,-0.5251039442321663
81,scene3,CA1,EC,114,2.1387283759449183
81,scene3,CA1,EC,115,0.029242927517045526
81,scene3,CA1,EC,116,0.016819511008128098
81,scene3,CA1,EC,117,0.031184707763328805
81,scene3,CA1,EC,118,0.7857535292370442
81,scene3,CA1,EC,119,0.009512688766997901
81,scene3,CA1,EC,120,-0.00019636938556635852
81,scene3,CA1,EC,121,5.896833851336166
81,scene3,CA1,EC,122,9.084533409587664
81,scene3,CA1,EC,123,0.9455181445597577
81,scene3,CA1,EC,124,0.09464843314977016
81,scene3,CA1,EC,125,0.011507788835430903
81,scene3,CA1,EC,126,7.533800158561826
81,scene3,CA1,EC,127,1.927255969073784
81,scene3,CA1,EC,128,-0.2777568619531653
81,scene3,CA1,EC,129,-1.0593870031436647
81,scene3,CA1,EC,130,1.4513751778075792
81,scene3,CA1,EC,131,-0.020281620552225706
81,scene3,CA1,EC,132,2.390972498991942
81,scene3,CA1,EC,133,-0.07102312834433988
81,scene3,CA1,EC,134,-1.4539571584378024
81,scene3,CA1,EC,135,0.284074630089693
81,scene3,CA1,EC,136,0.485035713599228
81,scene3,CA1,EC,137,-0.2568579541671467
81,scene3,CA1,EC,138,0.09142199276191652
81,scene3,CA1,EC,139,0.3281449545911738
81,scene3,CA1,EC,140,1.2090267850898855
81,scene3,CA1,EC,141,-1.4136392409999556
81,scene3,CA1,EC,142,0.05737623388263596
81,scene3,CA1,EC,143,-0.440021029638975
81,scene3,CA1,EC,144,0.05248277803908978
81,scene3,CA1,EC,145,0.18025298428062153
81,scene3,CA1,EC,146,0.3676527693085568
81,scene3,CA1,EC,147,1.1079616197253281
81,scene3,CA1,EC,148,-0.05576524873075633
81,scene3,CA1,EC,149,0.28575430480912223
81,scene3,CA1,EC,150,-0.5575461252361024
81,scene3,CA1,EC,151,-0.01787513454164619
81,scene3,CA1,EC,152,0.8147931757166635
81,scene3,CA1,EC,153,1.0482761723009553
81,scene3,CA1,EC,154,-0.2533669457936648
81,scene3,CA1,EC,155,0.19543731765415057
81,scene3,CA1,EC,156,-0.30177851759744284
81,scene3,CA1,EC,157,0.39560601074986684
81,scene3,CA1,EC,158,-0.15663390418410422
81,scene3,CA1,EC,159,0.056103070599213385
81,scene3,CA1,EC,160,-0.028814947039380315
81,scene3,CA1,EC,161,0.01650184864063641
81,scene3,CA1,EC,162,-0.04710153510347784
81,scene3,CA1,EC,163,0.28298706505102533
81,scene3,CA1,EC,164,1.0571697987700284
81,scene3,CA1,EC,165,1.6195429630179428
81,scene3,CA1,EC,166,-0.2283401466444326
81,scene3,CA1,EC,167,0.06687586001255094
81,scene3,CA1,EC,168,-0.020930422317327613
81,scene3,CA1,EC,169,0.2975028409936799
81,scene3,CA1,EC,170,-0.2864794208145969
81,scene3,CA1,EC,171,-0.852878105470507
81,scene3,CA1,EC,172,-0.03635524886014285
81,scene3,CA1,EC,173,0.4003970613493312
81,scene3,CA1,EC,174,-0.6880765047102978
81,scene3,CA1,EC,175,-0.0071277748707105374
81,scene3,CA1,EC,176,-0.3344888965119971
81,scene3,CA1,EC,177,-0.022559528486579532
81,scene3,CA1,EC,178,1.1016056066598707
81,scene3,CA1,EC,179,-1.9366302548234497
81,scene3,CA1,EC,180,-0.09161121633849599
81,scene3,CA1,EC,181,0.1632764290467869
81,scene3,CA1,EC,182,0.39574444067197306
81,scene3,CA1,EC,183,0.36681469465350114
81,scene3,CA1,EC,184,0.3161443125510688
81,scene3,CA1,EC,185,0.08784962298577399
81,scene3,CA1,EC,186,-0.21213521866304405
81,scene3,CA1,EC,187,0.4020841697182298
81,scene3,CA1,EC,188,-2.078635950587968
81,scene3,CA1,EC,189,0.09025657933795496
81,scene3,CA1,EC,190,0.3274846663341847
81,scene3,CA1,EC,191,-1.9757495105886056
81,scene3,CA1,EC,192,0.8838161733702046
81,scene3,CA1,EC,193,-2.782406728578466
81,scene3,CA1,EC,194,-0.09216331957952918
81,scene3,CA1,EC,195,-0.02798713233616276
81,scene3,CA1,EC,196,-3.8179848722818996
81,scene3,CA1,EC,197,-1.2099228656860357
81,scene3,CA1,EC,198,-0.7710053181572017
81,scene3,CA1,EC,199,-0.0049905634156447234
81,scene3,CA1,EC,200,-0.10161894877877836
81,scene3,CA1,EC,201,0.9660848453959209
81,scene3,CA1,EC,202,0.0643141297900032
81,scene3,CA1,EC,203,3.0910569319848484
81,scene3,CA1,EC,204,0.1669607495029709
81,scene3,CA1,EC,205,-0.1545879162515064
81,scene3,CA1,EC,206,-0.11171148222556171
81,scene3,CA1,EC,207,1.663800584698962
81,scene3,CA1,EC,208,1.3643981413169757
81,scene3,CA1,EC,209,0.028447786637901845
81,scene3,CA1,EC,210,0.05868757876148003
81,scene3,CA1,EC,211,-0.3701944448292075
81,scene3,CA1,EC,212,0.4041013770953425
81,scene3,CA1,EC,213,0.2656869776882921
81,scene3,CA1,EC,214,0.5167842629463076
81,scene3,CA1,EC,215,0.44338907344777206
81,scene3,CA1,EC,216,0.035343069083850265
81,scene3,CA1,EC,217,-0.6122584738458586
81,scene3,CA1,EC,218,-0.5549281771763315
81,scene3,CA1,EC,219,0.07086285252842052
81,scene3,CA1,EC,220,1.7965978240975304
81,scene3,CA1,EC,221,0.9359132705146727
81,scene3,CA1,EC,222,0.39077798618613674
81,scene3,CA1,EC,223,0.018984351429856633
81,scene3,CA1,EC,224,1.118552888817721
81,scene3,CA1,EC,225,3.533821747136344
81,scene3,CA1,EC,226,1.5521141603805229
81,scene3,CA1,EC,227,-0.8518239354742448
81,scene3,CA1,EC,228,-0.19709800147063267
81,scene3,CA1,EC,229,2.2482020857566782
81,scene3,CA1,EC,230,-0.17210999618544878
81,scene3,CA1,EC,231,-0.7506357161114914
81,scene3,CA1,EC,232,0.2581748282033373
81,scene3,CA1,EC,233,-0.12945076490456842
81,scene3,CA1,EC,234,-0.33004380923715093
81,scene3,CA1,EC,235,1.250839068000646
81,scene3,CA1,EC,236,0.019702859604404724
81,scene3,CA1,EC,237,0.4613487702346949
81,scene3,CA1,EC,238,0.05812172911540797
81,scene3,CA1,EC,239,0.8693227974456489
81,scene3,CA1,EC,240,0.007172750783336573
81,scene3,CA1,EC,241,-0.09642354272256907
81,scene3,CA1,EC,242,0.648540732235118
81,scene3,CA1,EC,243,-0.985120077886163
81,scene3,CA1,EC,244,0.951462661601925
81,scene3,CA1,EC,245,0.10776762377881478
81,scene3,CA1,EC,246,-0.5707731362711499
81,scene3,CA1,EC,247,0.22153886702165848
81,scene3,CA1,EC,248,0.08038685307679846
81,scene3,CA1,EC,249,1.9030817479376105
81,scene3,CA1,EC,250,0.027641348282110408
81,scene3,CA1,EC,251,-1.1500551491332136
81,scene3,CA1,EC,252,-0.039683091293637965
81,scene3,CA1,EC,253,-0.16648699405240777
81,scene3,CA23,DG,0,2.312633228731957
81,scene3,CA23,DG,1,0.0727096664117307
81,scene3,CA23,DG,2,-0.28378301274589535
81,scene3,CA23,DG,3,0.845967606291336
81,scene3,CA23,DG,4,2.1217902407661398
81,scene3,CA23,DG,5,0.5687499674194738
81,scene3,CA23,DG,6,-0.17604092902516727
81,scene3,CA23,DG,7,-0.1937471097517985
81,scene3,CA23,DG,8,0.008077667419936737
81,scene3,CA23,DG,9,-0.057036402169549194
81,scene3,CA23,DG,10,-0.21539503546669475
81,scene3,CA23,DG,11,0.0728376765883109
81,scene3,CA23,DG,12,0.1550811349746416
81,scene3,CA23,DG,13,0.08553395816091626
81,scene3,CA23,DG,14,-1.0700952115728364
81,scene3,CA23,DG,15,1.9352422904575537
81,scene3,CA23,DG,16,-0.23222249350826973
81,scene3,CA23,DG,17,-0.4307744353488006
81,scene3,CA23,DG,18,0.7039523987417429
81,scene3,CA23,DG,19,-0.31725111505474
81,scene3,CA23,DG,20,-0.5099614854878685
81,scene3,CA23,DG,21,0.09269705925294652
81,scene3,CA23,DG,22,0.27797791063274413
81,scene3,CA23,DG,23,-0.1324962573599467
81,scene3,CA23,DG,24,-0.10587656273175183
81,scene3,CA23,DG,25,-0.008803779373172239
81,scene3,CA23,DG,26,0.03806918788417536
81,scene3,CA23,DG,27,1.6467805320273563
81,scene3,CA23,DG,28,0.821136788456968
81,scene3,CA23,DG,29,1.1996872551110183
81,scene3,CA23,DG,30,0.06342551616732066
81,scene3,CA23,DG,31,-0.19490209659121582
81,scene3,CA23,DG,32,2.7498924647729424
81,scene3,CA23,DG,33,1.2342751559066503
81,scene3,CA23,DG,34,3.0075799477754455
81,scene3,CA23,DG,35,-0.394079655442761
81,scene3,CA23,DG,36,1.4396960349321013
81,scene3,CA23,DG,37,0.2514336335432981
81,scene3,CA23,DG,38,3.2187925177452748
81,scene3,CA23,DG,39,-0.0948267834856277
81,scene3,CA23,DG,40,0.021678869013760014
81,scene3,CA23,DG,41,4.27560189934686
81,scene3,CA23,DG,42,0.04838915138104579
81,scene3,CA23,DG,43,-0.6168173947208098
81,scene3,CA23,DG,44,0.21205225128207764
81,scene3,CA23,DG,45,0.618980801258675
81,scene3,CA23,DG,46,1.5358602504401397
81,scene3,CA23,DG,47,0.407480407074993
81,scene3,CA23,DG,48,-0.4637106217275034
81,scene3,CA23,DG,49,0.03874307728024618
81,scene3,CA23,DG,50,-0.03160212681532101
81,scene3,CA23,DG,51,0.5553873049994377
81,scene3,CA23,DG,52,2.0800267645854675
81,scene3,CA23,DG,53,0.10397047087459733
81,scene3,CA23,DG,54,-0.2135764378769523
81,scene3,CA23,DG,55,-0.013879389927046973
81,scene3,CA23,DG,56,0.0033472472983179626
81,scene3,CA23,DG,57,0.03540685490935428
81,scene3,CA23,DG,58,0.11090345469236118
81,scene3,CA23,DG,59,-0.047974224114900786
81,scene3,CA23,DG,60,-0.4444557839368875
81,scene3,CA23,DG,61,0.24006699969047376
81,scene3,CA23,DG,62,-0.10114201086701691
81,scene3,CA23,DG,63,0.003940617956820059
81,scene3,CA23,DG,64,2.1665479367004106
81,scene3,CA23,DG,65,1.109957007750688
81,scene3,CA23,DG,66,2.4300878564545156
81,scene3,CA23,DG,67,-0.5757285684272282
81,scene3,CA23,DG,68,-0.33432591448069754
81,scene3,CA23,DG,69,0.05270064928423353
81,scene3,CA23,DG,70,0.1405752464635487
81,scene3,CA23,DG,71,0.017348562399718274
81,scene3,CA23,DG,72,-0.10552220537415279
81,scene3,CA23,DG,73,1.3958275089486705
81,scene3,CA23,DG,74,0.07806643056330201
81,scene3,CA23,DG,75,-0.34768288432636535
81,scene3,CA23,DG,76,-0.21183639080668504
81,scene3,CA23,DG,77,-0.9237929659912467
81,scene3,CA23,DG,78,0.07610265160011544
81,scene3,CA23,DG,79,1.2415991287918893
81,scene3,CA23,DG,80,1.4290369087216428
81,scene3,CA23,DG,81,0.8788012009909909
81,scene3,CA23,DG,82,0.17442976438272773
81,scene3,CA23,DG,83,1.0131556646160158
81,scene3,CA23,DG,84,0.5843692930711857
81,scene3,CA23,DG,85,6.267221156364225
81,scene3,CA23,DG,86,-0.5797713062896336
81,scene3,CA23,DG,87,1.680637702941338
81,scene3,CA23,DG,88,-0.23090436151260446
81,scene3,CA23,DG,89,-0.28651405686151765
81,scene3,CA23,DG,90,4.426078622663872
81,scene3,CA23,DG,91,0.042557945707523484
81,scene3,CA23,DG,92,1.7200729266316974
81,scene3,CA23,DG,93,-0.2784563440565881
81,scene3,CA23,DG,94,-0.09056522813373495
81,scene3,CA23,DG,95,-1.323463281793515
81,scene3,CA23,DG,96,0.6467117666802932
81,scene3,CA23,DG,97,2.161335751263418
81,scene3,CA23,DG,98,1.1521965218797567
81,scene3,CA23,DG,99,-0.07158806728373264
81,scene3,CA23,DG,100,-0.45171706565675707
81,scene3,CA23,DG,101,-0.11092346989557149
81,scene3,CA23,DG,102,0.8389945522855567
81,scene3,CA23,DG,103,0.0005330491170358678
81,scene3,CA23,DG,104,0.09276144509436698
81,scene3,CA23,DG,105,-0.04848663754503741
81,scene3,CA23,DG,106,0.5751410833956183
81,scene3,CA23,DG,107,0.4755426493100531
81,scene3,CA23,DG,108,-0.027313825628708484
81,scene3,CA23,DG,109,-1.452101175003659
81,scene3,CA23,DG,110,0.7085994900632313
81,scene3,CA23,DG,111,-0.4066802667272342
81,scene3,CA23,DG,112,-1.0651306072218605
81,scene3,CA23,DG,113,-0.6429166603321412
81,scene3,CA23,DG,114,6.025753087531675
81,scene3,CA23,DG,115,0.020413945792731068
81,scene3,CA23,DG,116,0.008906588391363948
81,scene3,CA23,DG,117,0.017036576020041952
81,scene3,CA23,DG,118,0.49093598079293715
81,scene3,CA23,DG,119,0.00878994147517148
81,scene3,CA23,DG,120,0.000462475047844424
81,scene3,CA23,DG,121,0.3274047116451743
81,scene3,CA23,DG,122,1.5937137178378618
81,scene3,CA23,DG,123,1.155941154521692
81,scene3,CA23,DG,124,0.28997446096744856
81,scene3,CA23,DG,125,0.0054619038892171606
81,scene3,CA23,DG,126,4.0107910528340405
81,scene3,CA23,DG,127,3.056407338207099
81,scene3,CA23,DG,128,0.22560209043730786
81,scene3,CA23,DG,129,-0.13121544501836338
81,scene3,CA23,DG,130,0.7011929669967015
81,scene3,CA23,DG,131,0.29838493836939595
81,scene3,CA23,DG,132,-0.007288554940264659
81,scene3,CA23,DG,133,0.03779901358902672
81,scene3,CA23,DG,134,0.20817137421098214
81,scene3,CA23,DG,135,0.8426093005638353
81,scene3,CA23,DG,136,0.33003075969277146
81,scene3,CA23,DG,137,0.09804883258445818
81,scene3,CA23,DG,138,1.0762252776873875
81,scene3,CA23,DG,139,2.7107671077356232
81,scene3,CA23,DG,140,2.0785591789306976
81,scene3,CA23,DG,141,2.1606265109828393
81,scene3,CA23,DG,142,0.941550102147001
81,scene3,CA23,DG,143,0.0951898603574643
81,scene3,CA23,DG,144,0.292305895466052
81,scene3,CA23,DG,145,-0.13347488434183105
81,scene3,CA23,DG,146,-0.0505003397191589
81,scene3,CA23,DG,147,-0.5651879463413426
81,scene3,CA23,DG,148,0.17169620228221485
81,scene3,CA23,DG,149,0.7093576157034226
81,scene3,CA23,DG,150,0.15726195599751722
81,scene3,CA23,DG,151,0.4286613650009428
81,scene3,CA23,DG,152,0.21411585575187034
81,scene3,CA23,DG,153,0.053966625310488354
81,scene3,CA23,DG,154,0.3879843120652836
81,scene3,CA23,DG,155,-0.5945779186307184
81,scene3,CA23,DG,156,0.15813141783039755
81,scene3,CA23,DG,157,0.5083957333828333
81,scene3,CA23,DG,158,0.14356045774650994
81,scene3,CA23,DG,159,0.24010921942229338
81,scene3,CA23,DG,160,-0.16054107138510684
81,scene3,CA23,DG,161,0.012284491505571003
81,scene3,CA23,DG,162,-0.1779744127787294
81,scene3,CA23,DG,163,0.024577657996601967
81,scene3,CA23,DG,164,0.1303904087182927
81,scene3,CA23,DG,165,0.2248122746513348
81,scene3,CA23,DG,166,-0.2824305573581851
81,scene3,CA23,DG,167,1.7531965825706766
81,scene3,CA23,DG,168,0.18817441758459055
81,scene3,CA23,DG,169,-0.15395933571856021
81,scene3,CA23,DG,170,0.07937215083166929
81,scene3,CA23,DG,171,-0.31689879045746955
81,scene3,CA23,DG,172,0.0023028138535009456
81,scene3,CA23,DG,173,0.5121038696596906
81,scene3,CA23,DG,174,0.12476872350211132
81,scene3,CA23,DG,175,-0.013732674685245555
81,scene3,CA23,DG,176,-0.8544069012028979
81,scene3,CA23,DG,177,-0.5661495421429523
81,scene3,CA23,DG,178,-0.03712670188520136
81,scene3,CA23,DG,179,0.8509411448960552
81,scene3,CA23,DG,180,-2.569256674504742
81,scene3,CA23,DG,181,0.6499755308066807
81,scene3,CA23,DG,182,0.8356033592842532
81,scene3,CA23,DG,183,0.10725809590230348
81,scene3,CA23,DG,184,0.3533615453859008
81,scene3,CA23,DG,185,-0.1187354737689026
81,scene3,CA23,DG,186,0.7741708700572787
81,scene3,CA23,DG,187,0.44995846703018716
81,scene3,CA23,DG,188,0.13893926200650156
81,scene3,CA23,DG,189,0.006284715832531981
81,scene3,CA23,DG,190,0.09205761597493388
81,scene3,CA23,DG,191,1.3813756103371408
81,scene3,CA23,DG,192,2.1658038226516765
81,scene3,CA23,DG,193,10.059877377644542
81,scene3,CA23,DG,194,0.00018773460582474267
81,scene3,CA23,DG,195,-0.16644893137142414
81,scene3,CA23,DG,196,0.2661619145051871
81,scene3,CA23,DG,197,0.14940315556859127
81,scene3,CA23,DG,198,0.03293983139569672
81,scene3,CA23,DG,199,0.599076343191527
81,scene3,CA23,DG,200,-0.4498483266452062
81,scene3,CA23,DG,201,-1.0479840115746453
81,scene3,CA23,DG,202,0.02813723114782194
81,scene3,CA23,DG,203,3.197461958122639
81,scene3,CA23,DG,204,0.6889602324785948
81,scene3,CA23,DG,205,-1.0205406410883469
81,scene3,CA23,DG,206,1.2939507076237935
81,scene3,CA23,DG,207,0.2782260482543114
81,scene3,CA23,DG,208,3.4312471618476477
81,scene3,CA23,DG,209,-0.16626118967555759
81,scene3,CA23,DG,210,-0.6166165149342479
81,scene3,CA23,DG,211,-0.49350456349878385
81,scene3,CA23,DG,212,0.4825123671043191
81,scene3,CA23,DG,213,0.024428736347219086
81,scene3,CA23,DG,214,-0.019791850340957273
81,scene3,CA23,DG,215,0.05186610015321751
81,scene3,CA23,DG,216,-0.35557637124733454
81,scene3,CA23,DG,217,0.47565261878277565
81,scene3,CA23,DG,218,0.026010491390069303
81,scene3,CA23,DG,219,0.42625146226718086
81,scene3,CA23,DG,220,0.6514458522774816
81,scene3,CA23,DG,221,0.20112670652230968
81,scene3,CA23,DG,222,-0.11474243373158477
81,scene3,CA23,DG,223,0.6580905943390175
81,scene3,CA23,DG,224,-0.29079043630584156
81,scene3,CA23,DG,225,0.08100320658908837
81,scene3,CA23,DG,226,-0.14925121286821083
81,scene3,CA23,DG,227,-0.061198836451398675
81,scene3,CA23,DG,228,-0.537698546886828
81,scene3,CA23,DG,229,0.5865873169197573
81,scene3,CA23,DG,230,-0.06879009994783322
81,scene3,CA23,DG,231,-1.4087728946295563
81,scene3,CA23,DG,232,1.078748553869113
81,scene3,CA23,DG,233,-0.6463692850233723
81,scene3,CA23,DG,234,0.801316784518652
81,scene3,CA23,DG,235,-0.6812646093334435
81,scene3,CA23,DG,236,2.4183822822036247
81,scene3,CA23,DG,237,-0.13413621063648137
81,scene3,CA23,DG,238,-0.5606435424352709
81,scene3,CA23,DG,239,1.4415582287506352
81,scene3,CA23,DG,240,2.4820722229183727
81,scene3,CA23,DG,241,1.7461175955043293
81,scene3,CA23,DG,242,0.21814179932369485
81,scene3,CA23,DG,243,0.14359970922580909
81,scene3,CA23,DG,244,1.8321786138918386
81,scene3,CA23,DG,245,-0.0014416101705321638
81,scene3,CA23,DG,246,0.33116810334771124
81,scene3,CA23,DG,247,-0.052006729118350276
81,scene3,CA23,DG,248,0.9703223085070023
81,scene3,CA23,DG,249,-0.10026064232628967
81,scene3,CA23,DG,250,2.077398326444114
81,scene3,CA23,DG,251,0.07604949299001983
81,scene3,CA23,DG,252,-0.15759602169539577
81,scene3,CA23,DG,253,1.667508763817533
81,scene3,CA23,EC,0,-1.448500984046039
81,scene3,CA23,EC,1,-0.051721052315784756
81,scene3,CA23,EC,2,0.3869691723969256
81,scene3,CA23,EC,3,-0.43451574735165666
81,scene3,CA23,EC,4,-0.7112093630886946
81,scene3,CA23,EC,5,1.9905518174909638
81,scene3,CA23,EC,6,-0.5439881635412658
81,scene3,CA23,EC,7,-0.31941252847626816
81,scene3,CA23,EC,8,0.041981917498326415
81,scene3,CA23,EC,9,-0.012917480639668473
81,scene3,CA23,EC,10,-1.009721268698822
81,scene3,CA23,EC,11,0.06329979793400348
81,scene3,CA23,EC,12,-0.4215465829730673
81,scene3,CA23,EC,13,-0.08663331111706787
81,scene3,CA23,EC,14,0.5256077226209847
81,scene3,CA23,EC,15,-0.3890583952111952
81,scene3,CA23,EC,16,-0.21586784158031005
81,scene3,CA23,EC,17,0.7265431743463028
81,scene3,CA23,EC,18,-0.03233374646439978
81,scene3,CA23,EC,19,-0.6271978501582558
81,scene3,CA23,EC,20,0.08997829668793385
81,scene3,CA23,EC,21,0.015575864592021236
81,scene3,CA23,EC,22,0.10476842212111741
81,scene3,CA23,EC,23,0.012270077188662104
81,scene3,CA23,EC,24,0.12837090448927102
81,scene3,CA23,EC,25,-0.002031645859445235
81,scene3,CA23,EC,26,0.21672081541381383
81,scene3,CA23,EC,27,-0.5892874154383391
81,scene3,CA23,EC,28,0.3470780400663789
81,scene3,CA23,EC,29,2.4078566752365202
81,scene3,CA23,EC,30,0.032346955357292734
81,scene3,CA23,EC,31,-0.6771029573979358
81,scene3,CA23,EC,32,-0.8729861871695704
81,scene3,CA23,EC,33,-0.7969840655052327
81,scene3,CA23,EC,34,1.7660202571819354
81,scene3,CA23,EC,35,0.04489049966322142
81,scene3,CA23,EC,36,0.05978791934538343
81,scene3,CA23,EC,37,-0.42675328357827563
81,scene3,CA23,EC,38,0.38345812899953047
81,scene3,CA23,EC,39,0.6389709042585582
81,scene3,CA23,EC,40,1.201496947589477
81,scene3,CA23,EC,41,4.449742341344335
81,scene3,CA23,EC,42,0.08903120944961587
81,scene3,CA23,EC,43,-1.040100462152947
81,scene3,CA23,EC,44,0.2567196018795404
81,scene3,CA23,EC,45,-0.22977817839485834
81,scene3,CA23,EC,46,1.676011705871034
81,scene3,CA23,EC,47,0.7850849968088255
81,scene3,CA23,EC,48,0.15427391639892504
81,scene3,CA23,EC,49,-0.34625016162409245
81,scene3,CA23,EC,50,0.031912774687104815
81,scene3,CA23,EC,51,-0.20913483019036028
81,scene3,CA23,EC,52,0.6201416618319459
81,scene3,CA23,EC,53,0.3401580598060593
81,scene3,CA23,EC,54,-0.3051667772329637
81,scene3,CA23,EC,55,-0.40465834852920146
81,scene3,CA23,EC,56,-0.0016699962950472173
81,scene3,CA23,EC,57,-0.05190315337102468
81,scene3,CA23,EC,58,-0.627541437795005
81,scene3,CA23,EC,59,-0.753283423817067
81,scene3,CA23,EC,60,-0.3354325441407456
81,scene3,CA23,EC,61,-0.43479099961747963
81,scene3,CA23,EC,62,0.16430972456616313
81,scene3,CA23,EC,63,0.12276216175990586
81,scene3,CA23,EC,64,-0.6081284683668898
81,scene3,CA23,EC,65,0.9396507222471364
81,scene3,CA23,EC,66,0.9332119329471708
81,scene3,CA23,EC,67,0.1240212507339048
81,scene3,CA23,EC,68,0.6841849380144384
81,scene3,CA23,EC,69,-0.15244757834686878
81,scene3,CA23,EC,70,0.5065383071316643
81,scene3,CA23,EC,71,-0.056451487743975556
81,scene3,CA23,EC,72,0.010122087944664201
81,scene3,CA23,EC,73,0.05412518728150216
81,scene3,CA23,EC,74,0.35236167027673243
81,scene3,CA23,EC,75,-0.08784542160542967
81,scene3,CA23,EC,76,0.08653332732859406
81,scene3,CA23,EC,77,1.7279394332367282
81,scene3,CA23,EC,78,0.6352760036492402
81,scene3,CA23,EC,79,-0.42835760906651965
81,scene3,CA23,EC,80,-1.5894847921453295
81,scene3,CA23,EC,81,-0.27363502173909315
81,scene3,CA23,EC,82,-0.7846377534853386
81,scene3,CA23,EC,83,0.2913140539740715
81,scene3,CA23,EC,84,-0.07290554349484302
81,scene3,CA23,EC,85,0.385354195754805
81,scene3,CA23,EC,86,-1.1794794433690727
81,scene3,CA23,EC,87,1.415971891763737
81,scene3,CA23,EC,88,0.07144298620124405
81,scene3,CA23,EC,89,-1.2041507225594004
81,scene3,CA23,EC,90,0.6674991763472317
81,scene3,CA23,EC,91,-0.45474738319740426
81,scene3,CA23,EC,92,0.32943387256905854
81,scene3,CA23,EC,93,0.07825286239385423
81,scene3,CA23,EC,94,-0.8581170392946037
81,scene3,CA23,EC,95,0.16849993704098112
81,scene3,CA23,EC,96,0.35433737413162725
81,scene3,CA23,EC,97,2.2288239265016436
81,scene3,CA23,EC,98,1.8173427555304873
81,scene3,CA23,EC,99,-0.05322177919459229
81,scene3,CA23,EC,100,0.5837462907701194
81,scene3,CA23,EC,101,-0.07113839430943732
81,scene3,CA23,EC,102,-0.05514858027757417
81,scene3,CA23,EC,103,-0.006897904471580566
81,scene3,CA23,EC,104,0.31155241362493363
81,scene3,CA23,EC,105,-0.13287215731030427
81,scene3,CA23,EC,106,-0.0016544610967725052
81,scene3,CA23,EC,107,0.3002374437101785
81,scene3,CA23,EC,108,0.0031910081874926316
81,scene3,CA23,EC,109,-1.694123538909763
81,scene3,CA23,EC,110,0.652775418495876
81,scene3,CA23,EC,111,-0.07178912685199001
81,scene3,CA23,EC,112,-1.464390592396043
81,scene3,CA23,EC,113,-0.38111554139322695
81,scene3,CA23,EC,114,2.459793451603686
81,scene3,CA23,EC,115,0.036434738148382016
81,scene3,CA23,EC,116,0.017139640906977744
81,scene3,CA23,EC,117,0.03133409603942915
81,scene3,CA23,EC,118,1.14715640127201
81,scene3,CA23,EC,119,0.011492955339641923
81,scene3,CA23,EC,120,0.0009492564355514291
81,scene3,CA23,EC,121,0.4774384641922732
81,scene3,CA23,EC,122,1.7358924867299692
81,scene3,CA23,EC,123,0.48765878526813383
81,scene3,CA23,EC,124,-0.10976398751421673
81,scene3,CA23,EC,125,0.009060624307091487
81,scene3,CA23,EC,126,4.972954132295197
81,scene3,CA23,EC,127,2.098685287933871
81,scene3,CA23,EC,128,0.7368751706272945
81,scene3,CA23,EC,129,0.376640003277205
81,scene3,CA23,EC,130,1.4276266675596678
81,scene3,CA23,EC,131,-0.6238024655347383
81,scene3,CA23,EC,132,0.6396898558515971
81,scene3,CA23,EC,133,0.019299532514142015
81,scene3,CA23,EC,134,-0.402564251369837
81,scene3,CA23,EC,135,0.21742692607086914
81,scene3,CA23,EC,136,0.5929345211426345
81,scene3,CA23,EC,137,0.15327314779245035
81,scene3,CA23,EC,138,2.3174062064980294
81,scene3,CA23,EC,139,1.5865259316760179
81,scene3,CA23,EC,140,1.4852680208605618
81,scene3,CA23,EC,141,-0.8683641895251959
81,scene3,CA23,EC,142,0.4865412128976947
81,scene3,CA23,EC,143,-0.3010416424957684
81,scene3,CA23,EC,144,0.2735315885844471
81,scene3,CA23,EC,145,-0.2440440391369881
81,scene3,CA23,EC,146,-0.1467545504748811
81,scene3,CA23,EC,147,1.5535239130857692
81,scene3,CA23,EC,148,0.09582646519449371
81,scene3,CA23,EC,149,0.2903765070641317
81,scene3,CA23,EC,150,0.43853600869091414
81,scene3,CA23,EC,151,-0.7963323012772072
81,scene3,CA23,EC,152,0.6304770388100233
81,scene3,CA23,EC,153,2.8200913739054863
81,scene3,CA23,EC,154,-0.0885143911926649
81,scene3,CA23,EC,155,-3.2468495043123284
81,scene3,CA23,EC,156,0.15719676885283546
81,scene3,CA23,EC,157,-3.6889916670771674
81,scene3,CA23,EC,158,0.48147455098457625
81,scene3,CA23,EC,159,0.027478833596685587
81,scene3,CA23,EC,160,-0.06697199294267167
81,scene3,CA23,EC,161,0.013490637440207079
81,scene3,CA23,EC,162,0.024605955410125887
81,scene3,CA23,EC,163,-0.013583761600352233
81,scene3,CA23,EC,164,-0.6227948235190368
81,scene3,CA23,EC,165,0.6484157958299002
81,scene3,CA23,EC,166,-2.6632514884679392
81,scene3,CA23,EC,167,0.14512186048666675
81,scene3,CA23,EC,168,-0.021291324921878442
81,scene3,CA23,EC,169,-0.24594553836105196
81,scene3,CA23,EC,170,0.7019293404224901
81,scene3,CA23,EC,171,0.48679205165043304
81,scene3,CA23,EC,172,-0.0792427397930127
81,scene3,CA23,EC,173,0.42110187891495293
81,scene3,CA23,EC,174,-0.6486655754278982
81,scene3,CA23,EC,175,-0.007693445493407637
81,scene3,CA23,EC,176,-0.8338542526900822
81,scene3,CA23,EC,177,0.7835003987548704
81,scene3,CA23,EC,178,-0.03875297949875314
81,scene3,CA23,EC,179,-1.441996492260355
81,scene3,CA23,EC,180,0.9728027000932743
81,scene3,CA23,EC,181,0.2203403547246338
81,scene3,CA23,EC,182,-0.6263095101532793
81,scene3,CA23,EC,183,-0.04031270032899728
81,scene3,CA23,EC,184,-0.4053567816626341
81,scene3,CA23,EC,185,0.05110088582200939
81,scene3,CA23,EC,186,-0.7515188920664583
81,scene3,CA23,EC,187,0.22766630295148127
81,scene3,CA23,EC,188,-0.4845901122045061
81,scene3,CA23,EC,189,0.0008809681383082738
81,scene3,CA23,EC,190,-0.0939032250825059
81,scene3,CA23,EC,191,3.8936846626344646
81,scene3,CA23,EC,192,3.05895198727733
81,scene3,CA23,EC,193,-9.195635890890035
81,scene3,CA23,EC,194,0.005933117230237184
81,scene3,CA23,EC,195,0.004979396191816046
81,scene3,CA23,EC,196,-0.5628817795512087
81,scene3,CA23,EC,197,0.7078228136009013
81,scene3,CA23,EC,198,0.09714145644210648
81,scene3,CA23,EC,199,-0.0408095415059317
81,scene3,CA23,EC,200,0.2667562505259466
81,scene3,CA23,EC,201,-0.35510665648500883
81,scene3,CA23,EC,202,0.08014591963429608
81,scene3,CA23,EC,203,1.8201913540951042
81,scene3,CA23,EC,204,0.0518317041414012
81,scene3,CA23,EC,205,-0.18755981774001648
81,scene3,CA23,EC,206,0.29999067693949183
81,scene3,CA23,EC,207,0.2225577291017338
81,scene3,CA23,EC,208,2.1802721533638825
81,scene3,CA23,EC,209,-0.010903262415386118
81,scene3,CA23,EC,210,-0.06906304307298286
81,scene3,CA23,EC,211,-0.7964088664597117
81,scene3,CA23,EC,212,1.3835831431526533
81,scene3,CA23,EC,213,-0.11347023318747738
81,scene3,CA23,EC,214,-0.007134626318581281
81,scene3,CA23,EC,215,-0.16518111417685688
81,scene3,CA23,EC,216,0.1520093333687925
81,scene3,CA23,EC,217,0.6597164379380144
81,scene3,CA23,EC,218,0.5732976873064645
81,scene3,CA23,EC,219,1.5832610738738002
81,scene3,CA23,EC,220,1.0321027167084613
81,scene3,CA23,EC,221,0.0865233275214259
81,scene3,CA23,EC,222,-0.034532033666664484
81,scene3,CA23,EC,223,-0.1959507147126021
81,scene3,CA23,EC,224,-0.6126514194901995
81,scene3,CA23,EC,225,-0.16003213434306415
81,scene3,CA23,EC,226,-0.24300093754888552
81,scene3,CA23,EC,227,0.7596275550172439
81,scene3,CA23,EC,228,-0.4666489139599515
81,scene3,CA23,EC,229,0.8701868473505548
81,scene3,CA23,EC,230,0.03005518884216362
81,scene3,CA23,EC,231,0.8563710375915381
81,scene3,CA23,EC,232,1.0480946695709195
81,scene3,CA23,EC,233,-0.21858018223596673
81,scene3,CA23,EC,234,-0.9323436246940362
81,scene3,CA23,EC,235,-0.6541436171382118
81,scene3,CA23,EC,236,0.1507620697590166
81,scene3,CA23,EC,237,0.24782422402630508
81,scene3,CA23,EC,238,0.17309675831569443
81,scene3,CA23,EC,239,1.1892538886767572
81,scene3,CA23,EC,240,0.012742768488375005
81,scene3,CA23,EC,241,-0.420273740002508
81,scene3,CA23,EC,242,0.45661093172762185
81,scene3,CA23,EC,243,0.5703034955033528
81,scene3,CA23,EC,244,1.5926559235107343
81,scene3,CA23,EC,245,-0.020238501992219306
81,scene3,CA23,EC,246,-0.5531610807468431
81,scene3,CA23,EC,247,-0.015289462280529796
81,scene3,CA23,EC,248,0.13602919188462548
81,scene3,CA23,EC,249,-2.596538780315741
81,scene3,CA23,EC,250,1.0423428688661507
81,scene3,CA23,EC,251,-0.537760045789217
81,scene3,CA23,EC,252,-0.1531203708326458
81,scene3,CA23,EC,253,-0.23367718530896184
81,scene3,DG,EC,0,-0.9602944560296887
81,scene3,DG,EC,1,-0.15779624029868855
81,scene3,DG,EC,2,-0.1300660563092089
81,scene3,DG,EC,3,-0.5413931470445269
81,scene3,DG,EC,4,-0.5368513931262671
81,scene3,DG,EC,5,0.490405559094717
81,scene3,DG,EC,6,0.5682807652927838
81,scene3,DG,EC,7,0.14380424850138027
81,scene3,DG,EC,8,0.01612704812409435
81,scene3,DG,EC,9,0.02865232193256315
81,scene3,DG,EC,10,0.3567680407900044
81,scene3,DG,EC,11,1.1317456970803967
81,scene3,DG,EC,12,-0.4232905465252612
81,scene3,DG,EC,13,-0.507862673899957
81,scene3,DG,EC,14,-0.5850429271099102
81,scene3,DG,EC,15,-0.34818780878614475
81,scene3,DG,EC,16,0.12266855046515093
81,scene3,DG,EC,17,-0.6302400025228285
81,scene3,DG,EC,18,-0.05051498461988311
81,scene3,DG,EC,19,0.1268420669849952
81,scene3,DG,EC,20,-0.06942261769532468
81,scene3,DG,EC,21,0.010588080946841768
81,scene3,DG,EC,22,0.05681012720127069
81,scene3,DG,EC,23,-0.040237253289764296
81,scene3,DG,EC,24,-0.594885934743438
81,scene3,DG,EC,25,0.05543592619345414
81,scene3,DG,EC,26,0.0324140503675873
81,scene3,DG,EC,27,-0.22916887263854618
81,scene3,DG,EC,28,0.4004312906847433
81,scene3,DG,EC,29,3.16151104436062
81,scene3,DG,EC,30,0.5202692450208674
81,scene3,DG,EC,31,0.7313841323644794
81,scene3,DG,EC,32,-1.0036629534807837
81,scene3,DG,EC,33,-0.41832577044629154
81,scene3,DG,EC,34,2.104734093016572
81,scene3,DG,EC,35,-0.05094069146055925
81,scene3,DG,EC,36,0.04663254957078088
81,scene3,DG,EC,37,-0.7322660705647154
81,scene3,DG,EC,38,0.29505723078989915
81,scene3,DG,EC,39,-0.20002799668230298
81,scene3,DG,EC,40,0.011331393460470381
81,scene3,DG,EC,41,4.02397851517863
81,scene3,DG,EC,42,0.04093721143601138
81,scene3,DG,EC,43,0.702865122497193
81,scene3,DG,EC,44,0.505399186672363
81,scene3,DG,EC,45,-0.3296984980689121
81,scene3,DG,EC,46,1.4868958066882378
81,scene3,DG,EC,47,0.4915289928538318
81,scene3,DG,EC,48,-0.4906990360328596
81,scene3,DG,EC,49,-0.1591700174259132
81,scene3,DG,EC,50,-0.35547522514725394
81,scene3,DG,EC,51,-0.33420695959186253
81,scene3,DG,EC,52,0.6593719720673642
81,scene3,DG,EC,53,0.11742628602007556
81,scene3,DG,EC,54,0.3609115019237791
81,scene3,DG,EC,55,0.009119429406953719
81,scene3,DG,EC,56,-0.004021265546503894
81,scene3,DG,EC,57,-0.0037423710132801443
81,scene3,DG,EC,58,-0.06533770617075044
81,scene3,DG,EC,59,0.07502958575406257
81,scene3,DG,EC,60,0.26111285329228995
81,scene3,DG,EC,61,-0.21318872324930194
81,scene3,DG,EC,62,-0.2850992057662715
81,scene3,DG,EC,63,0.06946364104208468
81,scene3,DG,EC,64,-0.46430814179732227
81,scene3,DG,EC,65,3.2408751717619944
81,scene3,DG,EC,66,2.012493653378262
81,scene3,DG,EC,67,-0.2101738795196681
81,scene3,DG,EC,68,-0.6718594503904718
81,scene3,DG,EC,69,-0.08177959940416005
81,scene3,DG,EC,70,1.0629854964282939
81,scene3,DG,EC,71,-0.21270251280975638
81,scene3,DG,EC,72,-0.02576146443684667
81,scene3,DG,EC,73,0.023802746894672374
81,scene3,DG,EC,74,0.492676991503324
81,scene3,DG,EC,75,0.2977193093654653
81,scene3,DG,EC,76,-0.6893013513447623
81,scene3,DG,EC,77,-0.5170714871182182
81,scene3,DG,EC,78,0.37165981003761767
81,scene3,DG,EC,79,-0.32416513545699743
81,scene3,DG,EC,80,-1.0197791906919116
81,scene3,DG,EC,81,-0.7781089653626783
81,scene3,DG,EC,82,-0.05161905740299231
81,scene3,DG,EC,83,0.05220289412648935
81,scene3,DG,EC,84,-0.3355407453525902
81,scene3,DG,EC,85,0.46826628000736864
81,scene3,DG,EC,86,2.26190782849771
81,scene3,DG,EC,87,2.4821066276479202
81,scene3,DG,EC,88,-0.04866794286938247
81,scene3,DG,EC,89,0.640368657113517
81,scene3,DG,EC,90,0.609666164513538
81,scene3,DG,EC,91,-0.13938545954951814
81,scene3,DG,EC,92,0.6114005648606677
81,scene3,DG,EC,93,-0.260984641817319
81,scene3,DG,EC,94,0.26966652122643303
81,scene3,DG,EC,95,-0.31866682705214333
81,scene3,DG,EC,96,0.7551573402376701
81,scene3,DG,EC,97,3.8698344432032474
81,scene3,DG,EC,98,0.8141734133483812
81,scene3,DG,EC,99,0.1470411397210901
81,scene3,DG,EC,100,-0.5533938662155697
81,scene3,DG,EC,101,0.023921068286536232
81,scene3,DG,EC,102,-0.33021536941306456
81,scene3,DG,EC,103,-0.012676830786464272
81,scene3,DG,EC,104,0.5741713248155864
81,scene3,DG,EC,105,1.9480131470597897
81,scene3,DG,EC,106,-0.005514079445480447
81,scene3,DG,EC,107,0.3669148532850516
81,scene3,DG,EC,108,-0.0006203407184535792
81,scene3,DG,EC,109,2.1523823057080698
81,scene3,DG,EC,110,0.1667409410123198
81,scene3,DG,EC,111,0.07615133699604026
81,scene3,DG,EC,112,2.5974545283704193
81,scene3,DG,EC,113,0.9997001123519947
81,scene3,DG,EC,114,2.480736250451298
81,scene3,DG,EC,115,0.023397763054252764
81,scene3,DG,EC,116,0.012783870349571647
81,scene3,DG,EC,117,0.02280153399583247
81,scene3,DG,EC,118,0.4204812187539366
81,scene3,DG,EC,119,0.005893740644647067
81,scene3,DG,EC,120,0.0006145575579904227
81,scene3,DG,EC,121,3.5805562737205054
81,scene3,DG,EC,122,8.091295523043822
81,scene3,DG,EC,123,0.7118267357118025
81,scene3,DG,EC,124,-0.11421264959082501
81,scene3,DG,EC,125,0.005596347770528848
81,scene3,DG,EC,126,4.281019643283839
81,scene3,DG,EC,127,3.9149713918293547
81,scene3,DG,EC,128,0.10160183322799621
81,scene3,DG,EC,129,-0.546710978726313
81,scene3,DG,EC,130,0.6568353800107343
81,scene3,DG,EC,131,-0.10364722705791786
81,scene3,DG,EC,132,-0.014951935116992271
81,scene3,DG,EC,133,0.044940930892029204
81,scene3,DG,EC,134,-1.1720154285504087
81,scene3,DG,EC,135,0.7413741057075109
81,scene3,DG,EC,136,0.6373366401688798
81,scene3,DG,EC,137,0.526705292230174
81,scene3,DG,EC,138,2.497413261826677
81,scene3,DG,EC,139,1.8475593815054483
81,scene3,DG,EC,140,1.568959003088629
81,scene3,DG,EC,141,-0.6649008592767087
81,scene3,DG,EC,142,0.11518740951441019
81,scene3,DG,EC,143,-0.13865006865170165
81,scene3,DG,EC,144,0.04705918639818537
81,scene3,DG,EC,145,0.04852124898944949
81,scene3,DG,EC,146,0.20747811776627664
81,scene3,DG,EC,147,-1.2714562133801486
81,scene3,DG,EC,148,0.6033681739113216
81,scene3,DG,EC,149,0.4385554285440388
81,scene3,DG,EC,150,1.8535383200883422
81,scene3,DG,EC,151,-0.41744166813044276
81,scene3,DG,EC,152,0.07647029129143937
81,scene3,DG,EC,153,0.06871233923892643
81,scene3,DG,EC,154,-0.4940990479502737
81,scene3,DG,EC,155,0.7840331171218593
81,scene3,DG,EC,156,0.18403872433624788
81,scene3,DG,EC,157,-0.4036167062133355
81,scene3,DG,EC,158,0.031076774240202644
81,scene3,DG,EC,159,0.058228346982920176
81,scene3,DG,EC,160,0.04137759779012576
81,scene3,DG,EC,161,0.012944729547360267
81,scene3,DG,EC,162,-0.06200427479146045
81,scene3,DG,EC,163,-0.2562120414725333
81,scene3,DG,EC,164,-0.7479188126783001
81,scene3,DG,EC,165,1.0680436062506926
81,scene3,DG,EC,166,0.15709194333899995
81,scene3,DG,EC,167,0.14737725588008965
81,scene3,DG,EC,168,-0.034537169472044
81,scene3,DG,EC,169,0.5557502462025067
81,scene3,DG,EC,170,0.28358276620797634
81,scene3,DG,EC,171,-0.9138041529962794
81,scene3,DG,EC,172,-0.008233469945129761
81,scene3,DG,EC,173,0.2424439274238977
81,scene3,DG,EC,174,-0.31474391317357175
81,scene3,DG,EC,175,0.41897879382814207
81,scene3,DG,EC,176,0.6639574593323531
81,scene3,DG,EC,177,-0.28004370744860113
81,scene3,DG,EC,178,0.375402869876351
81,scene3,DG,EC,179,-0.5818715964614428
81,scene3,DG,EC,180,-0.41502339247688
81,scene3,DG,EC,181,0.2914919681244513
81,scene3,DG,EC,182,-0.999708757171955
81,scene3,DG,EC,183,-0.1017118384295036
81,scene3,DG,EC,184,-0.24055180091155073
81,scene3,DG,EC,185,-0.1477435539112866
81,scene3,DG,EC,186,-0.8462003259768258
81,scene3,DG,EC,187,2.0660702456498514
81,scene3,DG,EC,188,-0.18928867393323723
81,scene3,DG,EC,189,0.19895057705960545
81,scene3,DG,EC,190,-0.06819089585007966
81,scene3,DG,EC,191,2.9198506047063293
81,scene3,DG,EC,192,3.1272090906283334
81,scene3,DG,EC,193,-5.202106363815157
81,scene3,DG,EC,194,0.0007941236008698117
81,scene3,DG,EC,195,-0.03409914336840191
81,scene3,DG,EC,196,-1.1247717445467065
81,scene3,DG,EC,197,0.5811339390243844
81,scene3,DG,EC,198,0.16638158167933026
81,scene3,DG,EC,199,-0.03578634795414005
81,scene3,DG,EC,200,-1.8432866981618483
81,scene3,DG,EC,201,1.8048773586943117
81,scene3,DG,EC,202,0.042170823081430345
81,scene3,DG,EC,203,2.7871042979243934
81,scene3,DG,EC,204,0.258767906732762
81,scene3,DG,EC,205,0.24846342712695932
81,scene3,DG,EC,206,0.4073457557383674
81,scene3,DG,EC,207,1.765435582276966
81,scene3,DG,EC,208,3.488242551947095
81,scene3,DG,EC,209,0.21042314296483922
81,scene3,DG,EC,210,0.11121825699119137
81,scene3,DG,EC,211,0.5465310521015703
81,scene3,DG,EC,212,0.8561823727452578
81,scene3,DG,EC,213,-0.09535414550680942
81,scene3,DG,EC,214,0.4731405641149221
81,scene3,DG,EC,215,-0.12150950800815234
81,scene3,DG,EC,216,-0.07895316270105848
81,scene3,DG,EC,217,0.21656880144093876
81,scene3,DG,EC,218,0.06268927317628663
81,scene3,DG,EC,219,1.1469261900301677
81,scene3,DG,EC,220,0.9982232867333044
81,scene3,DG,EC,221,0.51080484433939
81,scene3,DG,EC,222,0.7460719757669726
81,scene3,DG,EC,223,-0.462641435585227
81,scene3,DG,EC,224,0.45983780016117753
81,scene3,DG,EC,225,-1.692414407175258
81,scene3,DG,EC,226,0.4276841365151115
81,scene3,DG,EC,227,-0.09107908650301141
81,scene3,DG,EC,228,0.5139784331646792
81,scene3,DG,EC,229,1.9544160601917093
81,scene3,DG,EC,230,-0.04822000633355328
81,scene3,DG,EC,231,-1.2608072699954946
81,scene3,DG,EC,232,0.1369263027944406
81,scene3,DG,EC,233,0.5781954863392192
81,scene3,DG,EC,234,-1.9802748592461217
81,scene3,DG,EC,235,0.7247172260257418
81,scene3,DG,EC,236,0.29461615032802
81,scene3,DG,EC,237,-0.04464297974397058
81,scene3,DG,EC,238,-0.45783502504047374
81,scene3,DG,EC,239,0.8216734902233552
81,scene3,DG,EC,240,0.010909695734367692
81,scene3,DG,EC,241,-0.12306096518363022
81,scene3,DG,EC,242,0.22894591614513038
81,scene3,DG,EC,243,1.2064571743004684
81,scene3,DG,EC,244,1.895885990611619
81,scene3,DG,EC,245,0.010888738697093045
81,scene3,DG,EC,246,-0.4018043340196316
81,scene3,DG,EC,247,0.15982791573253974
81,scene3,DG,EC,248,0.18607376455592287
81,scene3,DG,EC,249,0.1826833062477448
81,scene3,DG,EC,250,0.430058861487158
81,scene3,DG,EC,251,-0.14474544537189105
81,scene3,DG,EC,252,0.025089836966071782
81,scene3,DG,EC,253,-0.23978750989881886
